COMPLEMENTARY AND ALTERNATIVE MEDICINE,Complementary Therapies,D000529,0,113311,"[""|Analytical, Diagnostic and Therapeutic Techniques and Equipment|Therapeutics|Complementary Therapies|""]"
CAM GENERAL,Complementary Therapies,D000529,0,113311,"[""|Analytical, Diagnostic and Therapeutic Techniques and Equipment|Therapeutics|Complementary Therapies|""]"
EDUCATION/CPD,Education,D004493,0,108151,"[""|Determinants Of Health|Education, Employment And Skills|Education|""]"
REGULATION,Government Regulation ,D033161,0,117593,"[""|Education, Sociology and Social Phenomena|Social Sciences|Sociology|Social Control, Formal|Government Regulation|""]"
RESEARCH,Research,D012106,0,122530,"[""|Natural Science, Anatomy and Organisms|Natural Sciences|Science|Research|""]"
ACUPUNCTURE,Acupuncture Therapy,D015670,0,114421,"[""|Analytical, Diagnostic and Therapeutic Techniques and Equipment|Therapeutics|Complementary Therapies|Acupuncture Therapy|""]"
ACUPUNCTURE,Electroacupuncture,D015671,0,115059,"[""|Analytical, Diagnostic and Therapeutic Techniques and Equipment|Therapeutics|Complementary Therapies|Acupuncture Therapy|Electroacupuncture|"",""|Analytical, Diagnostic and Therapeutic Techniques and Equipment|Anesthesia and Analgesia|Anaesthetics|Electroacupuncture|"",""|Analytical, Diagnostic and Therapeutic Techniques and Equipment|Therapeutics|Combined Modality Therapy|Electroacupuncture|"",""|Analytical, Diagnostic and Therapeutic Techniques and Equipment|Therapeutics|Physical Therapy Modalities|Electric Stimulation Therapy|Electroacupuncture|"",""|Analytical, Diagnostic and Therapeutic Techniques and Equipment|Therapeutics|Electric Stimulation Therapy|Electroacupuncture|"",""|Analytical, Diagnostic and Therapeutic Techniques and Equipment|Anesthesia and Analgesia|Analgesia|Transcutaneous Electric Nerve Stimulation|Electroacupuncture|"",""|Analytical, Diagnostic and Therapeutic Techniques and Equipment|Therapeutics|Physical Therapy Modalities|Electric Stimulation Therapy|Transcutaneous Electric Nerve Stimulation|Electroacupuncture|"",""|Analytical, Diagnostic and Therapeutic Techniques and Equipment|Therapeutics|Electric Stimulation Therapy|Transcutaneous Electric Nerve Stimulation|Electroacupuncture|""]"
ACUPUNCTURE,Acupuncture Analgesia,D015667,0,115056,"[""|Analytical, Diagnostic and Therapeutic Techniques and Equipment|Therapeutics|Complementary Therapies|Acupuncture Therapy|Acupuncture Analgesia|"",""|Analytical, Diagnostic and Therapeutic Techniques and Equipment|Anesthesia and Analgesia|Analgesia|Acupuncture Analgesia|""]"
ACUPUNCTURE,Auriculotherapy,D055097,0,0,null
ACUPUNCTURE,"Acupuncture, Ear",D020831,0,115274,"[""|Analytical, Diagnostic and Therapeutic Techniques and Equipment|Therapeutics|Complementary Therapies|Acupuncture Therapy|Acupuncture, Ear|""]"
ACUPUNCTURE,Meridians,D016740,0,115058,"[""|Analytical, Diagnostic and Therapeutic Techniques and Equipment|Therapeutics|Complementary Therapies|Acupuncture Therapy|Meridians|""]"
ACUPUNCTURE,Acupuncture Points,D015669,0,115057,"[""|Analytical, Diagnostic and Therapeutic Techniques and Equipment|Therapeutics|Complementary Therapies|Acupuncture Therapy|Meridians|Acupuncture Points|""]"
ACUPUNCTURE,Acupuncture,D026881,0,109595,"[""|Health Services And Their Management|Healthcare And Health Services|Health Services|Complementary Medicine|Acupuncture|""]"
AROMATHERAPY,Aromatherapy,D019341,0,114565,"[""|Analytical, Diagnostic and Therapeutic Techniques and Equipment|Therapeutics|Complementary Therapies|Mind-Body and Relaxation Techniques|Aromatherapy|"",""|Analytical, Diagnostic and Therapeutic Techniques and Equipment|Therapeutics|Complementary Therapies|Phytotherapy|Aromatherapy|"",""|Analytical, Diagnostic and Therapeutic Techniques and Equipment|Therapeutics|Complementary Therapies|Sensory Art Therapies|Aromatherapy|""]"
CHIROPRACTIC,"Manipulation, Chiropractic",D026882,0,113687,"[""|Analytical, Diagnostic and Therapeutic Techniques and Equipment|Therapeutics|Complementary Therapies|Musculoskeletal Manipulations|Manipulation, Spinal|Manipulation, Chiropractic|"",""|Analytical, Diagnostic and Therapeutic Techniques and Equipment|Therapeutics|Physical Therapy Modalities|Musculoskeletal Manipulations|Manipulation, Spinal|Manipulation, Chiropractic|"",""|Analytical, Diagnostic and Therapeutic Techniques and Equipment|Therapeutics|Musculoskeletal Manipulations|Manipulation, Spinal|Manipulation, Chiropractic|"",""|Analytical, Diagnostic and Therapeutic Techniques and Equipment|Therapeutics|Complementary Therapies|Musculoskeletal Manipulations|Manipulation, Chiropractic|"",""|Analytical, Diagnostic and Therapeutic Techniques and Equipment|Therapeutics|Physical Therapy Modalities|Musculoskeletal Manipulations|Manipulation, Chiropractic|"",""|Analytical, Diagnostic and Therapeutic Techniques and Equipment|Therapeutics|Musculoskeletal Manipulations|Manipulation, Chiropractic|""]"
CHIROPRACTIC,"Manipulation, Spinal",D020393,0,115243,"[""|Analytical, Diagnostic and Therapeutic Techniques and Equipment|Therapeutics|Complementary Therapies|Musculoskeletal Manipulations|Manipulation, Spinal|"",""|Analytical, Diagnostic and Therapeutic Techniques and Equipment|Therapeutics|Physical Therapy Modalities|Musculoskeletal Manipulations|Manipulation, Spinal|"",""|Analytical, Diagnostic and Therapeutic Techniques and Equipment|Therapeutics|Musculoskeletal Manipulations|Manipulation, Spinal|""]"
CHIROPRACTIC,Chiropractic,D002684,0,109677,"[""|Health Services And Their Management|Healthcare And Health Services|Health Services|Complementary Medicine|Chiropractic|""]"
DIETARY AND NUTRITIONAL THERAPIES,Dietary Supplements,D019587,0,0,null
DIETARY AND NUTRITIONAL THERAPIES,Food,D005502,0,108002,"[""|Determinants Of Health|Diet And Nutrition|Food|""]"
DIETARY AND NUTRITIONAL THERAPIES,Diet,D004032,0,108134,"[""|Determinants Of Health|Individual Behaviour|Eating Habit|Diet|""]"
FOOD AND BEVERAGES,Food and Beverages,D019602,0,0,null
DIETARY FIBRE,Dietary Fiber,D004043,0,0,null
DIETARY SODIUM CHLORIDE,"Sodium Chloride, Dietary",D017673,0,0,null
PROBIOTICS,Probiotics,D019936,0,0,null
SOY,Soybeans,D013025,0,0,null
NUTRITIONAL SUPPLEMENTS,Dietary Supplements,D019587,0,0,null
NUTRITIONAL SUPPLEMENTS,Micronutrients,D018977,0,0,null
AMINO ACIDS,Amino Acids,D000596,0,0,null
ARGININE,Arginine,D001120,0,0,null
BRANCHED-CHAIN AMINO ACIDS,"Amino Acids, Branched-Chain",D000597,0,0,null
CARNITINE,Carnitine,D002331,0,0,null
CREATINE,Creatine,D003401,0,0,null
CYSTEINE,Cysteine,D003545,0,0,null
GLUTAMINE,Glutamine,D005973,0,0,null
TRYPTOPHAN,Tryptophan,D014364,0,0,null
CARBOHYDRATES & CARBOHYDRATE DERIVATIVES,Carbohydrates,D002241,0,0,null
CHITOSAN,Chitosan,D048271,0,0,null
CHONDROITIN,Chondroitin,D002807,0,0,null
GLUCOSAMINE,Glucosamine,D005944,0,0,null
INOSITOL,Inositol,D007294,0,0,null
LAETRILE,Amygdalin,D000678,0,0,null
LIPIDS,Lipids,D008055,0,0,null
ESSENTIAL FATTY ACIDS,"Fatty Acids, Essential",D005228,0,0,null
LINOLEIC ACIDS,Linoleic Acids,D008041,0,0,null
EVENING PRIMROSE OIL,"Fatty Acids, Essential",D005228,0,0,null
FISH OILS,Fish Oils,D005395,0,0,null
FISH OILS,"Fatty Acids, Omega-3",D015525,0,0,null
LECITHIN,Lecithins,D054709,0,0,null
OMEGA-3 FATTY ACIDS,"Fatty Acids, Omega-3",D015525,0,0,null
OMEGA-6 FATTY ACIDS,"Fatty Acids, Omega-6",D043371,0,0,null
MINERALS,Minerals,D008903,0,0,null
CALCIUM,Calcium Carbonate,D002119,0,0,null
CHROMIUM,Chromium,D002857,0,0,null
IRON,Iron,D007501,0,108209,"[""|Determinants Of Health|Diet And Nutrition|Nutrition|Mineral|Iron|"",""|Determinants Of Health|Diet And Nutrition|Nutrition|Nutrition Components|Mineral|Iron|""]"
MAGNESIUM,Magnesium,D008274,0,0,null
POTASSIUM,Potassium,D011188,0,0,null
SELENIUM,Selenium,D012643,0,0,null
SELENIUM,Antioxidants,D000975,0,0,null
ZINC,Zinc,D015032,0,0,null
VITAMINS,Vitamins,D014815,0,0,null
BETA-CAROTENE,beta Carotene,D019207,0,0,null
BETA-CAROTENE,Antioxidants ,D000975,0,0,null
FOLIC ACID,Folic Acid,D005492,0,0,null
VITAMIN A,Vitamin A,D014801,0,0,null
VITAMIN B 1,Thiamine,D013831,0,0,null
VITAMIN B 6,Vitamin B 6,D025101,0,0,null
VITAMIN B 12,Vitamin B 12,D014805,0,0,null
VITAMIN B COMPLEX,Vitamin B Complex,D014803,0,0,null
VITAMIN C,Ascorbic Acid,D001205,0,0,null
VITAMIN C,Antioxidants ,D000975,0,0,null
VITAMIN D,Vitamin D, D014807 ,0,0,null
VITAMIN E,Vitamin E,D014810,0,0,null
VITAMIN E,Antioxidants ,D000975,0,0,null
VITAMIN K,Vitamin K,D014812,0,0,null
NIACIN,Niacin,D009525,0,0,null
OTHER SUPPLEMENTS,Dietary Supplements,D019587,0,0,null
ALPHA-LIPOIC ACID,Thioctic Acid,D008063,0,0,null
ALPHA-LIPOIC ACID,Antioxidants ,D000975,0,0,null
COENZYME Q,Ubiquinone,D014451,0,0,null
DEHYDROEPIANDROSTERONE (DHEA),Dehydroepiandrosterone,D003687,0,0,null
LEUCOVORIN,Leucovorin,D002955,0,0,null
MELATONIN,Melatonin,D008550,0,0,null
MELATONIN,Antioxidants ,D000975,0,0,null
SAME (S-ADENOSYL-L-METHIONINE),S-Adenosylmethionine,D012436,0,0,null
SPECIAL DIETS,Diet,D004032,0,108134,"[""|Determinants Of Health|Individual Behaviour|Eating Habit|Diet|""]"
HERBAL MEDICINE,Phytotherapy,D008517,0,114406,"[""|Analytical, Diagnostic and Therapeutic Techniques and Equipment|Therapeutics|Complementary Therapies|Phytotherapy|""]"
HERBAL MEDICINE,"Plants, Medicinal",D010946,0,0,null
HERBAL MEDICINE,Plant Extracts,D010936,0,0,null
HERBAL MEDICINE,"Drugs, Chinese Herbal",D004365,0,0,null
HERBAL MEDICINE,Materia Medica,D008419,0,0,null
HERBAL MEDICINE,"Medicine, Traditional",D008519,0,114407,"[""|Analytical, Diagnostic and Therapeutic Techniques and Equipment|Therapeutics|Complementary Therapies|Medicine, Traditional|""]"
HERBAL MEDICINE,Herbal Medicine,D029001,0,0,null
HERBS A-C,Phytotherapy,D008517,0,114406,"[""|Analytical, Diagnostic and Therapeutic Techniques and Equipment|Therapeutics|Complementary Therapies|Phytotherapy|""]"
AFRICAN PRUNE (PYGEUM AFRICANUM),Pygeum,D031988,0,0,null
AFRICAN PRUNE (PYGEUM AFRICANUM),Phytotherapy,D008517,0,114406,"[""|Analytical, Diagnostic and Therapeutic Techniques and Equipment|Therapeutics|Complementary Therapies|Phytotherapy|""]"
ALOE (ALOE VERA),Aloe,D000504,0,0,null
ALOE (ALOE VERA),Phytotherapy,D008517,0,114406,"[""|Analytical, Diagnostic and Therapeutic Techniques and Equipment|Therapeutics|Complementary Therapies|Phytotherapy|""]"
ANDROGRAPHIS PANICULATA,Andrographis,D035685,0,0,null
ANDROGRAPHIS PANICULATA,Phytotherapy,D008517,0,114406,"[""|Analytical, Diagnostic and Therapeutic Techniques and Equipment|Therapeutics|Complementary Therapies|Phytotherapy|""]"
ARTICHOKE (CYNARA SCOLYMUS),Cynara scolymus,D031943,0,0,null
ARTICHOKE (CYNARA SCOLYMUS),Phytotherapy,D008517,0,114406,"[""|Analytical, Diagnostic and Therapeutic Techniques and Equipment|Therapeutics|Complementary Therapies|Phytotherapy|""]"
BILBERRY (VACCINIUM MYRTILLUS),Vaccinium myrtillus,D029800,0,0,null
BILBERRY (VACCINIUM MYRTILLUS),Phytotherapy,D008517,0,114406,"[""|Analytical, Diagnostic and Therapeutic Techniques and Equipment|Therapeutics|Complementary Therapies|Phytotherapy|""]"
BITTER ORANGE (CITRUS AURANTIUM),Citrus,D002957,0,0,null
BITTER ORANGE (CITRUS AURANTIUM),Phytotherapy,D008517,0,114406,"[""|Analytical, Diagnostic and Therapeutic Techniques and Equipment|Therapeutics|Complementary Therapies|Phytotherapy|""]"
BLACK COHOSH (CIMICIFUGA RACEMOSA),Cimicifuga,D031885,0,0,null
BLACK COHOSH (CIMICIFUGA RACEMOSA),Phytotherapy,D008517,0,114406,"[""|Analytical, Diagnostic and Therapeutic Techniques and Equipment|Therapeutics|Complementary Therapies|Phytotherapy|""]"
BLUE COHOSH (CAULOPHYLLUM THALICTROIDES),Caulophyllum,D028145,0,0,null
BLUE COHOSH (CAULOPHYLLUM THALICTROIDES),Phytotherapy,D008517,0,114406,"[""|Analytical, Diagnostic and Therapeutic Techniques and Equipment|Therapeutics|Complementary Therapies|Phytotherapy|""]"
BORAGE (BORAGO OFFICINALIS),Borago,D029683,0,0,null
BORAGE (BORAGO OFFICINALIS),Phytotherapy,D008517,0,114406,"[""|Analytical, Diagnostic and Therapeutic Techniques and Equipment|Therapeutics|Complementary Therapies|Phytotherapy|""]"
CARAWAY (CARUM CARVI),Carum,D029974,0,0,null
CARAWAY (CARUM CARVI),Phytotherapy,D008517,0,114406,"[""|Analytical, Diagnostic and Therapeutic Techniques and Equipment|Therapeutics|Complementary Therapies|Phytotherapy|""]"
CAYENNE PEPPER (CAPSICUM FRUTESCENS),Capsicum,D002212,0,0,null
CAYENNE PEPPER (CAPSICUM FRUTESCENS),Phytotherapy,D008517,0,114406,"[""|Analytical, Diagnostic and Therapeutic Techniques and Equipment|Therapeutics|Complementary Therapies|Phytotherapy|""]"
CHASTE TREE (VITEX AGNUS CASTUS),Vitex,D020950,0,0,null
CHASTE TREE (VITEX AGNUS CASTUS),Phytotherapy,D008517,0,114406,"[""|Analytical, Diagnostic and Therapeutic Techniques and Equipment|Therapeutics|Complementary Therapies|Phytotherapy|""]"
CRANBERRY (VACCINIUM MACROCARPON),Vaccinium macrocarpon,D029799,0,0,null
CRANBERRY (VACCINIUM MACROCARPON),Phytotherapy,D008517,0,114406,"[""|Analytical, Diagnostic and Therapeutic Techniques and Equipment|Therapeutics|Complementary Therapies|Phytotherapy|""]"
HERBS D-G,Phytotherapy,D008517,0,114406,"[""|Analytical, Diagnostic and Therapeutic Techniques and Equipment|Therapeutics|Complementary Therapies|Phytotherapy|""]"
DEVILS CLAW (HARPAGOPHYTUM PROCUMBENS),Harpagophytum,D031684,0,0,null
DEVILS CLAW (HARPAGOPHYTUM PROCUMBENS),Phytotherapy,D008517,0,114406,"[""|Analytical, Diagnostic and Therapeutic Techniques and Equipment|Therapeutics|Complementary Therapies|Phytotherapy|""]"
DOG ROSE (ROSA CANINA),Rosa,D027826,0,0,null
DOG ROSE (ROSA CANINA),Phytotherapy,D008517,0,114406,"[""|Analytical, Diagnostic and Therapeutic Techniques and Equipment|Therapeutics|Complementary Therapies|Phytotherapy|""]"
DONG QUAI (ANGELICA SINENSIS),Angelica sinensis,D029971,0,0,null
DONG QUAI (ANGELICA SINENSIS),Phytotherapy,D008517,0,114406,"[""|Analytical, Diagnostic and Therapeutic Techniques and Equipment|Therapeutics|Complementary Therapies|Phytotherapy|""]"
"ECHINACEA (E. PURPUREA, E. ANGUSTIFOLIA, E. PALLIDA)",Echinacea,D020900,0,0,null
"ECHINACEA (E. PURPUREA, E. ANGUSTIFOLIA, E. PALLIDA)",Phytotherapy,D008517,0,114406,"[""|Analytical, Diagnostic and Therapeutic Techniques and Equipment|Therapeutics|Complementary Therapies|Phytotherapy|""]"
ENGLISH IVY (HEDERA HELIX),Hedera,D035981,0,0,null
ENGLISH IVY (HEDERA HELIX),Phytotherapy,D008517,0,114406,"[""|Analytical, Diagnostic and Therapeutic Techniques and Equipment|Therapeutics|Complementary Therapies|Phytotherapy|""]"
EPHEDRA (EPHEDRA SINICA),Ephedra,D029789,0,0,null
EPHEDRA (EPHEDRA SINICA),Phytotherapy,D008517,0,114406,"[""|Analytical, Diagnostic and Therapeutic Techniques and Equipment|Therapeutics|Complementary Therapies|Phytotherapy|""]"
EVENING PRIMROSE (OENOTHERA BIENNIS),Oenothera biennis,D031665,0,0,null
EVENING PRIMROSE (OENOTHERA BIENNIS),Phytotherapy,D008517,0,114406,"[""|Analytical, Diagnostic and Therapeutic Techniques and Equipment|Therapeutics|Complementary Therapies|Phytotherapy|""]"
FEVERFEW (TANACETUM PARTHENIUM),Tanacetum parthenium,D020903,0,0,null
FEVERFEW (TANACETUM PARTHENIUM),Phytotherapy,D008517,0,114406,"[""|Analytical, Diagnostic and Therapeutic Techniques and Equipment|Therapeutics|Complementary Therapies|Phytotherapy|""]"
FRANKINCENSE (BOSWELLIA SERRATA),Boswellia,D029743,0,0,null
FRANKINCENSE (BOSWELLIA SERRATA),Phytotherapy,D008517,0,114406,"[""|Analytical, Diagnostic and Therapeutic Techniques and Equipment|Therapeutics|Complementary Therapies|Phytotherapy|""]"
GARLIC (ALLIUM SATIVUM),Garlic,D005737,0,0,null
GARLIC (ALLIUM SATIVUM),Phytotherapy,D008517,0,114406,"[""|Analytical, Diagnostic and Therapeutic Techniques and Equipment|Therapeutics|Complementary Therapies|Phytotherapy|""]"
GINGER (ZINGIBER OFFICINALE),Ginger,D020939,0,0,null
GINGER (ZINGIBER OFFICINALE),Phytotherapy,D008517,0,114406,"[""|Analytical, Diagnostic and Therapeutic Techniques and Equipment|Therapeutics|Complementary Therapies|Phytotherapy|""]"
GINKGO (GINKGO BILOBA),Ginkgo biloba,D020441,0,0,null
GINKGO (GINKGO BILOBA),Phytotherapy,D008517,0,114406,"[""|Analytical, Diagnostic and Therapeutic Techniques and Equipment|Therapeutics|Complementary Therapies|Phytotherapy|""]"
GINSENG (PANAX GINSENG),Panax,D005894,0,0,null
GINSENG (PANAX GINSENG),Phytotherapy,D008517,0,114406,"[""|Analytical, Diagnostic and Therapeutic Techniques and Equipment|Therapeutics|Complementary Therapies|Phytotherapy|""]"
GOTU KOLA (CENTELLA ASIATICA),Centella,D028041,0,0,null
GOTU KOLA (CENTELLA ASIATICA),Phytotherapy,D008517,0,114406,"[""|Analytical, Diagnostic and Therapeutic Techniques and Equipment|Therapeutics|Complementary Therapies|Phytotherapy|""]"
GRAPE VINE (VITIS VINIFERA),Vitis,D027843,0,0,null
GRAPE VINE (VITIS VINIFERA),Phytotherapy,D008517,0,114406,"[""|Analytical, Diagnostic and Therapeutic Techniques and Equipment|Therapeutics|Complementary Therapies|Phytotherapy|""]"
HERBS H-P,Phytotherapy,D008517,0,114406,"[""|Analytical, Diagnostic and Therapeutic Techniques and Equipment|Therapeutics|Complementary Therapies|Phytotherapy|""]"
HAWTHORN (CRATAEGUS),Crataegus,D027825,0,0,null
HAWTHORN (CRATAEGUS),Phytotherapy,D008517,0,114406,"[""|Analytical, Diagnostic and Therapeutic Techniques and Equipment|Therapeutics|Complementary Therapies|Phytotherapy|""]"
HORSE CHESTNUT (AESCULUS HIPPOCASTANUM),Aesculus,D031319,0,0,null
HORSE CHESTNUT (AESCULUS HIPPOCASTANUM),Phytotherapy,D008517,0,114406,"[""|Analytical, Diagnostic and Therapeutic Techniques and Equipment|Therapeutics|Complementary Therapies|Phytotherapy|""]"
KAVA (PIPER METHYSTICUM),Kava, D020901 ,0,0,null
KAVA (PIPER METHYSTICUM),Phytotherapy,D008517,0,114406,"[""|Analytical, Diagnostic and Therapeutic Techniques and Equipment|Therapeutics|Complementary Therapies|Phytotherapy|""]"
KUDZU (PUERARIA LOBATA),Pueraria,D029908,0,0,null
KUDZU (PUERARIA LOBATA),Phytotherapy,D008517,0,114406,"[""|Analytical, Diagnostic and Therapeutic Techniques and Equipment|Therapeutics|Complementary Therapies|Phytotherapy|""]"
MARIJUANA (CANNABIS SATIVA),Cannabis,D002188,0,108095,"[""|Determinants Of Health|Environmental Determinant|Causes Of Harm|Substance Misuse|Hallucinogen|Cannabis|"",""|Determinants Of Health|Individual Behaviour|Substance Misuse|Hallucinogen|Cannabis|""]"
MARIJUANA (CANNABIS SATIVA),Phytotherapy,D008517,0,114406,"[""|Analytical, Diagnostic and Therapeutic Techniques and Equipment|Therapeutics|Complementary Therapies|Phytotherapy|""]"
MILK THISTLE (SILYBUM MARIANUM),Milk Thistle,D020944,0,0,null
MILK THISTLE (SILYBUM MARIANUM),Phytotherapy,D008517,0,114406,"[""|Analytical, Diagnostic and Therapeutic Techniques and Equipment|Therapeutics|Complementary Therapies|Phytotherapy|""]"
MISTLETOE (VISCUM ALBUM),Viscum album,D028182,0,0,null
MISTLETOE (VISCUM ALBUM),Phytotherapy,D008517,0,114406,"[""|Analytical, Diagnostic and Therapeutic Techniques and Equipment|Therapeutics|Complementary Therapies|Phytotherapy|""]"
PASSION FLOWER (PASSIFLORA ALATA),Passiflora,D029598,0,0,null
PASSION FLOWER (PASSIFLORA ALATA),Phytotherapy,D008517,0,114406,"[""|Analytical, Diagnostic and Therapeutic Techniques and Equipment|Therapeutics|Complementary Therapies|Phytotherapy|""]"
PEPPERMINT (MENTHA PIPERITA),Mentha piperita,D036142,0,0,null
PEPPERMINT (MENTHA PIPERITA),Phytotherapy,D008517,0,114406,"[""|Analytical, Diagnostic and Therapeutic Techniques and Equipment|Therapeutics|Complementary Therapies|Phytotherapy|""]"
HERBS R-Z,Phytotherapy,D008517,0,114406,"[""|Analytical, Diagnostic and Therapeutic Techniques and Equipment|Therapeutics|Complementary Therapies|Phytotherapy|""]"
RED CLOVER (TRIFOLIUM PRATENSE),Trifolium,D029921,0,0,null
RED CLOVER (TRIFOLIUM PRATENSE),Phytotherapy,D008517,0,114406,"[""|Analytical, Diagnostic and Therapeutic Techniques and Equipment|Therapeutics|Complementary Therapies|Phytotherapy|""]"
RYE (SECALE CEREALE),Secale cereale,D012434,0,0,null
RYE (SECALE CEREALE),Phytotherapy,D008517,0,114406,"[""|Analytical, Diagnostic and Therapeutic Techniques and Equipment|Therapeutics|Complementary Therapies|Phytotherapy|""]"
SAGE (SALVIA OFFICINALIS),Salvia officinalis,D027543,0,0,null
SAGE (SALVIA OFFICINALIS),Phytotherapy,D008517,0,114406,"[""|Analytical, Diagnostic and Therapeutic Techniques and Equipment|Therapeutics|Complementary Therapies|Phytotherapy|""]"
SAW PALMETTO (SERENOA SERRULATA & REPENS),Serenoa,D028024,0,0,null
SAW PALMETTO (SERENOA SERRULATA & REPENS),Phytotherapy,D008517,0,114406,"[""|Analytical, Diagnostic and Therapeutic Techniques and Equipment|Therapeutics|Complementary Therapies|Phytotherapy|""]"
SENNA (SENNA ALEXANDRINA),Senna Plant,D029846,0,0,null
SENNA (SENNA ALEXANDRINA),Phytotherapy,D008517,0,114406,"[""|Analytical, Diagnostic and Therapeutic Techniques and Equipment|Therapeutics|Complementary Therapies|Phytotherapy|""]"
SIBERIAN GINSENG (ELEUTHEROCOCCUS SENTICOSUS),Eleutherococcus,D028001,0,0,null
SIBERIAN GINSENG (ELEUTHEROCOCCUS SENTICOSUS),Phytotherapy,D008517,0,114406,"[""|Analytical, Diagnostic and Therapeutic Techniques and Equipment|Therapeutics|Complementary Therapies|Phytotherapy|""]"
SOY (GLYCINE MAX),Soybeans,D013025,0,0,null
SOY (GLYCINE MAX),Phytotherapy,D008517,0,114406,"[""|Analytical, Diagnostic and Therapeutic Techniques and Equipment|Therapeutics|Complementary Therapies|Phytotherapy|""]"
ST JOHN'S WORT (HYPERICUM PERFORATUM),Hypericum,D020902,0,0,null
ST JOHN'S WORT (HYPERICUM PERFORATUM),Phytotherapy,D008517,0,114406,"[""|Analytical, Diagnostic and Therapeutic Techniques and Equipment|Therapeutics|Complementary Therapies|Phytotherapy|""]"
TEA (CAMELLIA SINENSIS),Camellia sinensis,D028241,0,0,null
TEA (CAMELLIA SINENSIS),Phytotherapy,D008517,0,114406,"[""|Analytical, Diagnostic and Therapeutic Techniques and Equipment|Therapeutics|Complementary Therapies|Phytotherapy|""]"
VALERIAN (VALERIANA OFFICINALIS),Valerian,D014632,0,0,null
VALERIAN (VALERIANA OFFICINALIS),Phytotherapy,D008517,0,114406,"[""|Analytical, Diagnostic and Therapeutic Techniques and Equipment|Therapeutics|Complementary Therapies|Phytotherapy|""]"
WHITE WILLOW (SALIX ALBA),Salix,D032108,0,0,null
WHITE WILLOW (SALIX ALBA),Phytotherapy,D008517,0,114406,"[""|Analytical, Diagnostic and Therapeutic Techniques and Equipment|Therapeutics|Complementary Therapies|Phytotherapy|""]"
BLACK CURRANT (RIBES NIGRUM),Ribes,D031965,0,0,null
BLACK CURRANT (RIBES NIGRUM),Phytotherapy,D008517,0,114406,"[""|Analytical, Diagnostic and Therapeutic Techniques and Equipment|Therapeutics|Complementary Therapies|Phytotherapy|""]"
BUCKWHEAT,Fagopyrum,D019612,0,0,null
BUCKWHEAT,Phytotherapy,D008517,0,114406,"[""|Analytical, Diagnostic and Therapeutic Techniques and Equipment|Therapeutics|Complementary Therapies|Phytotherapy|""]"
BUTTERBUR (PETASITES VULGARIS),Petasites,D036901,0,0,null
BUTTERBUR (PETASITES VULGARIS),Phytotherapy,D008517,0,114406,"[""|Analytical, Diagnostic and Therapeutic Techniques and Equipment|Therapeutics|Complementary Therapies|Phytotherapy|""]"
CELANDINE (CHELIDONIUM MAJUS),Chelidonium,D028281,0,0,null
CELANDINE (CHELIDONIUM MAJUS),Phytotherapy,D008517,0,114406,"[""|Analytical, Diagnostic and Therapeutic Techniques and Equipment|Therapeutics|Complementary Therapies|Phytotherapy|""]"
FLEABANE,Erigeron,D049919,0,0,null
FLEABANE,Phytotherapy,D008517,0,114406,"[""|Analytical, Diagnostic and Therapeutic Techniques and Equipment|Therapeutics|Complementary Therapies|Phytotherapy|""]"
HYPOXIS ROOPERI,Hypoxis,D027802,0,0,null
HYPOXIS ROOPERI,Phytotherapy,D008517,0,114406,"[""|Analytical, Diagnostic and Therapeutic Techniques and Equipment|Therapeutics|Complementary Therapies|Phytotherapy|""]"
IPECACUANHA,Cephaelis,D028503,0,0,null
IPECACUANHA,Phytotherapy,D008517,0,114406,"[""|Analytical, Diagnostic and Therapeutic Techniques and Equipment|Therapeutics|Complementary Therapies|Phytotherapy|""]"
PINE TREE (PINUS),Pinus,D028223,0,0,null
PINE TREE (PINUS),Phytotherapy,D008517,0,114406,"[""|Analytical, Diagnostic and Therapeutic Techniques and Equipment|Therapeutics|Complementary Therapies|Phytotherapy|""]"
SPRUCE TREE (PICEA),Picea,D028222,0,0,null
SPRUCE TREE (PICEA),Phytotherapy,D008517,0,114406,"[""|Analytical, Diagnostic and Therapeutic Techniques and Equipment|Therapeutics|Complementary Therapies|Phytotherapy|""]"
TEA TREE (MELALEUCA ALTERNIFOLIA),Melaleuca,D031650,0,0,null
TEA TREE (MELALEUCA ALTERNIFOLIA),Phytotherapy,D008517,0,114406,"[""|Analytical, Diagnostic and Therapeutic Techniques and Equipment|Therapeutics|Complementary Therapies|Phytotherapy|""]"
TRIPTERYGIUM,Tripterygium,D029757,0,0,null
TRIPTERYGIUM,Phytotherapy,D008517,0,114406,"[""|Analytical, Diagnostic and Therapeutic Techniques and Equipment|Therapeutics|Complementary Therapies|Phytotherapy|""]"
HOMEOPATHY,Homeopathy,D006705,0,109749,"[""|Health Services And Their Management|Healthcare And Health Services|Health Services|Complementary Medicine|Homeopathy|""]"
HOMEOPATHY,Materia Medica,D008419,0,0,null
HYPNOSIS,Hypnosis,D006990,0,113442,"[""|Analytical, Diagnostic and Therapeutic Techniques and Equipment|Therapeutics|Complementary Therapies|Mind-Body and Relaxation Techniques|Hypnosis|""]"
MASSAGE,Massage,D008405,0,114405,"[""|Analytical, Diagnostic and Therapeutic Techniques and Equipment|Therapeutics|Complementary Therapies|Musculoskeletal Manipulations|Massage|"",""|Analytical, Diagnostic and Therapeutic Techniques and Equipment|Therapeutics|Physical Therapy Modalities|Musculoskeletal Manipulations|Massage|"",""|Analytical, Diagnostic and Therapeutic Techniques and Equipment|Therapeutics|Musculoskeletal Manipulations|Massage|""]"
MEDITATION,Meditation,D019122,0,115216,"[""|Analytical, Diagnostic and Therapeutic Techniques and Equipment|Therapeutics|Complementary Therapies|Mind-Body and Relaxation Techniques|Meditation|"",""|Analytical, Diagnostic and Therapeutic Techniques and Equipment|Therapeutics|Exercise Movement Techniques|Relaxation Techniques|Meditation|"",""|Analytical, Diagnostic and Therapeutic Techniques and Equipment|Therapeutics|Complementary Therapies|Mind-Body and Relaxation Techniques|Relaxation Techniques|Meditation|"",""|Analytical, Diagnostic and Therapeutic Techniques and Equipment|Therapeutics|Complementary Therapies|Musculoskeletal Manipulations|Relaxation Techniques|Meditation|"",""|Analytical, Diagnostic and Therapeutic Techniques and Equipment|Therapeutics|Physical Therapy Modalities|Musculoskeletal Manipulations|Relaxation Techniques|Meditation|"",""|Analytical, Diagnostic and Therapeutic Techniques and Equipment|Therapeutics|Musculoskeletal Manipulations|Relaxation Techniques|Meditation|"",""|Analytical, Diagnostic and Therapeutic Techniques and Equipment|Therapeutics|Complementary Therapies|Spiritual Therapies|Meditation|""]"
OSTEOPATHY,"Manipulation, Osteopathic",D026301,0,115361,"[""|Analytical, Diagnostic and Therapeutic Techniques and Equipment|Therapeutics|Complementary Therapies|Musculoskeletal Manipulations|Manipulation, Osteopathic|"",""|Analytical, Diagnostic and Therapeutic Techniques and Equipment|Therapeutics|Physical Therapy Modalities|Musculoskeletal Manipulations|Manipulation, Osteopathic|"",""|Analytical, Diagnostic and Therapeutic Techniques and Equipment|Therapeutics|Musculoskeletal Manipulations|Manipulation, Osteopathic|""]"
OSTEOPATHY,"Manipulation, Spinal",D020393,0,115243,"[""|Analytical, Diagnostic and Therapeutic Techniques and Equipment|Therapeutics|Complementary Therapies|Musculoskeletal Manipulations|Manipulation, Spinal|"",""|Analytical, Diagnostic and Therapeutic Techniques and Equipment|Therapeutics|Physical Therapy Modalities|Musculoskeletal Manipulations|Manipulation, Spinal|"",""|Analytical, Diagnostic and Therapeutic Techniques and Equipment|Therapeutics|Musculoskeletal Manipulations|Manipulation, Spinal|""]"
OSTEOPATHY,Osteopathic Medicine,D010021,0,122951,"[""|Natural Science, Anatomy and Organisms|Natural Sciences|Biological Sciences|Health Occupations|Medicine|Osteopathic Medicine|""]"
REFLEXOLOGY,Massage,D008405,0,114405,"[""|Analytical, Diagnostic and Therapeutic Techniques and Equipment|Therapeutics|Complementary Therapies|Musculoskeletal Manipulations|Massage|"",""|Analytical, Diagnostic and Therapeutic Techniques and Equipment|Therapeutics|Physical Therapy Modalities|Musculoskeletal Manipulations|Massage|"",""|Analytical, Diagnostic and Therapeutic Techniques and Equipment|Therapeutics|Musculoskeletal Manipulations|Massage|""]"
YOGA,Yoga,D015013,0,0,null
OTHER THERAPIES OR MEDICAL SYSTEMS,Complementary Therapies,D000529,0,113311,"[""|Analytical, Diagnostic and Therapeutic Techniques and Equipment|Therapeutics|Complementary Therapies|""]"
ACUPRESSURE,Acupressure,D019050,0,114991,"[""|Analytical, Diagnostic and Therapeutic Techniques and Equipment|Therapeutics|Complementary Therapies|Acupuncture Therapy|Acupressure|"",""|Analytical, Diagnostic and Therapeutic Techniques and Equipment|Therapeutics|Complementary Therapies|Musculoskeletal Manipulations|Massage|Acupressure|"",""|Analytical, Diagnostic and Therapeutic Techniques and Equipment|Therapeutics|Physical Therapy Modalities|Musculoskeletal Manipulations|Massage|Acupressure|"",""|Analytical, Diagnostic and Therapeutic Techniques and Equipment|Therapeutics|Musculoskeletal Manipulations|Massage|Acupressure|""]"
ART THERAPY,Art Therapy,D001155,0,113406,"[""|Analytical, Diagnostic and Therapeutic Techniques and Equipment|Therapeutics|Rehabilitation|Art Therapy|"",""|Analytical, Diagnostic and Therapeutic Techniques and Equipment|Therapeutics|Complementary Therapies|Sensory Art Therapies|Art Therapy|""]"
AUTOGENIC TRAINING,Autogenic Training,D001326,0,113441,"[""|Analytical, Diagnostic and Therapeutic Techniques and Equipment|Therapeutics|Complementary Therapies|Mind-Body and Relaxation Techniques|Hypnosis|Autogenic Training|""]"
AYURVEDIC MEDICINE,"Medicine, Ayurvedic",D008515,0,114418,"[""|Analytical, Diagnostic and Therapeutic Techniques and Equipment|Therapeutics|Complementary Therapies|Medicine, Traditional|Medicine, Ayurvedic|""]"
BIOFEEDBACK,"Biofeedback, Psychology",D001676,0,0,null
CRANIOSACRAL THERAPY,Massage,D008405,0,114405,"[""|Analytical, Diagnostic and Therapeutic Techniques and Equipment|Therapeutics|Complementary Therapies|Musculoskeletal Manipulations|Massage|"",""|Analytical, Diagnostic and Therapeutic Techniques and Equipment|Therapeutics|Physical Therapy Modalities|Musculoskeletal Manipulations|Massage|"",""|Analytical, Diagnostic and Therapeutic Techniques and Equipment|Therapeutics|Musculoskeletal Manipulations|Massage|""]"
HEALING,Mental Healing,D008602,0,114426,"[""|Analytical, Diagnostic and Therapeutic Techniques and Equipment|Therapeutics|Complementary Therapies|Mind-Body and Relaxation Techniques|Mental Healing|"",""|Analytical, Diagnostic and Therapeutic Techniques and Equipment|Therapeutics|Complementary Therapies|Spiritual Therapies|Mental Healing|""]"
LIGHT THERAPY,Phototherapy,D010789,0,114141,"[""|Analytical, Diagnostic and Therapeutic Techniques and Equipment|Therapeutics|Phototherapy|""]"
MINDFULNESS-BASED STRESS REDUCTION (MBSR),Meditation,D019122,0,115216,"[""|Analytical, Diagnostic and Therapeutic Techniques and Equipment|Therapeutics|Complementary Therapies|Mind-Body and Relaxation Techniques|Meditation|"",""|Analytical, Diagnostic and Therapeutic Techniques and Equipment|Therapeutics|Exercise Movement Techniques|Relaxation Techniques|Meditation|"",""|Analytical, Diagnostic and Therapeutic Techniques and Equipment|Therapeutics|Complementary Therapies|Mind-Body and Relaxation Techniques|Relaxation Techniques|Meditation|"",""|Analytical, Diagnostic and Therapeutic Techniques and Equipment|Therapeutics|Complementary Therapies|Musculoskeletal Manipulations|Relaxation Techniques|Meditation|"",""|Analytical, Diagnostic and Therapeutic Techniques and Equipment|Therapeutics|Physical Therapy Modalities|Musculoskeletal Manipulations|Relaxation Techniques|Meditation|"",""|Analytical, Diagnostic and Therapeutic Techniques and Equipment|Therapeutics|Musculoskeletal Manipulations|Relaxation Techniques|Meditation|"",""|Analytical, Diagnostic and Therapeutic Techniques and Equipment|Therapeutics|Complementary Therapies|Spiritual Therapies|Meditation|""]"
MOXIBUSTION,Moxibustion,D009071,0,114457,"[""|Analytical, Diagnostic and Therapeutic Techniques and Equipment|Therapeutics|Complementary Therapies|Acupuncture Therapy|Moxibustion|""]"
MUSIC THERAPY,Music Therapy,D009147,0,113300,"[""|Analytical, Diagnostic and Therapeutic Techniques and Equipment|Therapeutics|Rehabilitation|Music Therapy|"",""|Analytical, Diagnostic and Therapeutic Techniques and Equipment|Therapeutics|Complementary Therapies|Sensory Art Therapies|Music Therapy|""]"
NATUROPATHY,Naturopathy,D009324,0,114469,"[""|Analytical, Diagnostic and Therapeutic Techniques and Equipment|Therapeutics|Complementary Therapies|Naturopathy|""]"
QI GONG,Breathing Exercises,D001945,0,113593,"[""|Analytical, Diagnostic and Therapeutic Techniques and Equipment|Therapeutics|Exercise Movement Techniques|Breathing Exercises|"",""|Analytical, Diagnostic and Therapeutic Techniques and Equipment|Therapeutics|Complementary Therapies|Mind-Body and Relaxation Techniques|Breathing Exercises|""]"
RELAXATION TECHNIQUES,Relaxation Therapy,D012064,0,0,null
SHIATSU,Acupressure,D019050,0,114991,"[""|Analytical, Diagnostic and Therapeutic Techniques and Equipment|Therapeutics|Complementary Therapies|Acupuncture Therapy|Acupressure|"",""|Analytical, Diagnostic and Therapeutic Techniques and Equipment|Therapeutics|Complementary Therapies|Musculoskeletal Manipulations|Massage|Acupressure|"",""|Analytical, Diagnostic and Therapeutic Techniques and Equipment|Therapeutics|Physical Therapy Modalities|Musculoskeletal Manipulations|Massage|Acupressure|"",""|Analytical, Diagnostic and Therapeutic Techniques and Equipment|Therapeutics|Musculoskeletal Manipulations|Massage|Acupressure|""]"
TAI CHI,Tai Ji,D026302,0,115362,"[""|Analytical, Diagnostic and Therapeutic Techniques and Equipment|Therapeutics|Exercise Movement Techniques|Tai Ji|"",""|Analytical, Diagnostic and Therapeutic Techniques and Equipment|Therapeutics|Complementary Therapies|Mind-Body and Relaxation Techniques|Tai Ji|""]"
THERAPEUTIC TOUCH,Therapeutic Touch,D019124,0,115217,"[""|Analytical, Diagnostic and Therapeutic Techniques and Equipment|Therapeutics|Complementary Therapies|Mind-Body and Relaxation Techniques|Therapeutic Touch|"",""|Analytical, Diagnostic and Therapeutic Techniques and Equipment|Therapeutics|Complementary Therapies|Spiritual Therapies|Therapeutic Touch|""]"
TRADITIONAL CHINESE MEDICINE (TCM),"Medicine, Chinese Traditional",D008516,0,114419,"[""|Analytical, Diagnostic and Therapeutic Techniques and Equipment|Therapeutics|Complementary Therapies|Medicine, Traditional|Medicine, Oriental Traditional|Medicine, Chinese Traditional|""]"
ABDOMINAL PAIN,Abdominal Pain,D015746,0,293391,"[""|Diseases|Nervous System Diseases|Neurologic Manifestations|Pain|Abdominal Pain|"",""|Diseases|Pathological Conditions, Signs and Symptoms|Signs and Symptoms|Neurologic Manifestations|Pain|Abdominal Pain|"",""|Diseases|Pathological Conditions, Signs and Symptoms|Signs and Symptoms|Pain|Abdominal Pain|"",""|Diseases|Pathological Conditions, Signs and Symptoms|Signs and Symptoms|Signs and Symptoms, Digestive|Abdominal Pain|""]"
ACNE,Acne Vulgaris,D000152,0,293649,"[""|Diseases|Skin and Connective Tissue Diseases|Skin Diseases|Facial Dermatoses|Acneiform Eruptions|Acne Vulgaris|"",""|Diseases|Skin and Connective Tissue Diseases|Skin Diseases|Acneiform Eruptions|Acne Vulgaris|"",""|Diseases|Skin and Connective Tissue Diseases|Skin Diseases|Sebaceous Gland Diseases|Acne Vulgaris|""]"
AIDS (ACQUIRED IMMUNODEFICIENCY SYNDROME),Acquired Immunodeficiency Syndrome,D000163,0,293743,"[""|Diseases|Immune System Diseases|Immunologic Deficiency Syndromes|HIV Infections|Acquired Immunodeficiency Syndrome|"",""|Diseases|Virus Diseases|RNA Virus Infections|Retroviridae Infections|Lentivirus Infections|HIV Infections|Acquired Immunodeficiency Syndrome|"",""|Diseases|Female Urogenital Diseases and Pregnancy Complications|Female Urogenital Diseases|Genital Diseases, Female|Sexually Transmitted Diseases|Sexually Transmitted Diseases, Viral|HIV Infections|Acquired Immunodeficiency Syndrome|"",""|Diseases|Male Urogenital Diseases|Genital Diseases, Male|Sexually Transmitted Diseases|Sexually Transmitted Diseases, Viral|HIV Infections|Acquired Immunodeficiency Syndrome|"",""|Diseases|Bacterial Infections and Mycoses|Infection|Sexually Transmitted Diseases|Sexually Transmitted Diseases, Viral|HIV Infections|Acquired Immunodeficiency Syndrome|"",""|Diseases|Virus Diseases|Sexually Transmitted Diseases|Sexually Transmitted Diseases, Viral|HIV Infections|Acquired Immunodeficiency Syndrome|"",""|Diseases|Virus Diseases|Slow Virus Diseases|Acquired Immunodeficiency Syndrome|""]"
ALCOHOL MISUSE,Alcoholism,D000437,0,106993,"[""|Psychiatry and Pscychology|Mental Disorders|Substance-Related Disorders|Alcohol-Related Disorders|Alcoholism|""]"
ALLERGIES,Hypersensitivity,D006967,0,0,null
ALTITUDE SICKNESS,Altitude Sickness,D000532,0,293327,"[""|Diseases|Respiratory Tract Diseases|Respiration Disorders|Altitude Sickness|""]"
ALZHEIMER'S DISEASE,Alzheimer Disease,D000544,0,107009,"[""|Psychiatry and Pscychology|Mental Disorders|Delirium, Dementia, Amnestic, Cognitive Disorders|Dementias|Alzheimer Disease|"",""|Diseases|Nervous System Diseases|Neurodegenerative Diseases|Tauopathies|Alzheimer Disease|""]"
AMYOTROPHIC LATERAL SCLEROSIS,Amyotrophic Lateral Sclerosis,D000690,0,293772,"[""|Diseases|Nervous System Diseases|Neurodegenerative Diseases|Motor Neuron Disease|Amyotrophic Lateral Sclerosis|"",""|Diseases|Nervous System Diseases|Neuromuscular Diseases|Motor Neuron Disease|Amyotrophic Lateral Sclerosis|"",""|Diseases|Nervous System Diseases|Central Nervous System Diseases|Spinal Cord Diseases|Amyotrophic Lateral Sclerosis|""]"
ANGINA,Angina Pectoris,D000787,0,293821,"[""|Diseases|Nervous System Diseases|Neurologic Manifestations|Pain|Chest Pain|Angina Pectoris|"",""|Diseases|Pathological Conditions, Signs and Symptoms|Signs and Symptoms|Neurologic Manifestations|Pain|Chest Pain|Angina Pectoris|"",""|Diseases|Pathological Conditions, Signs and Symptoms|Signs and Symptoms|Pain|Chest Pain|Angina Pectoris|"",""|Diseases|Cardiovascular Diseases|Heart Diseases|Myocardial Ischemia|Angina Pectoris|"",""|Diseases|Cardiovascular Diseases|Vascular Diseases|Myocardial Ischemia|Angina Pectoris|""]"
ANXIETY,Anxiety,D001007,0,106983,"[""|Psychiatry and Pscychology|Mental Disorders|Anxiety|""]"
ANXIETY DISORDERS,Anxiety Disorders,D001008,0,0,null
APNOEA,Apnea,D001049,0,293906,"[""|Diseases|Respiratory Tract Diseases|Respiration Disorders|Apnea|"",""|Diseases|Pathological Conditions, Signs and Symptoms|Signs and Symptoms|Signs and Symptoms, Respiratory|Apnea|""]"
ARTERIAL OCCLUSIVE DISEASES,Arterial Occlusive Diseases,D001157,0,293936,"[""|Diseases|Cardiovascular Diseases|Vascular Diseases|Arterial Occlusive Diseases|""]"
ARTERIOSCLEROSIS,Arteriosclerosis,D001161,0,293940,"[""|Diseases|Cardiovascular Diseases|Vascular Diseases|Arterial Occlusive Diseases|Arteriosclerosis|""]"
ARTHRITIS,Arthritis,D001168,0,293947,"[""|Diseases|Musculoskeletal Diseases|Joint Diseases|Arthritis|""]"
ASTHMA,Asthma,D001249,0,293983,"[""|Diseases|Respiratory Tract Diseases|Bronchial Diseases|Asthma|"",""|Diseases|Respiratory Tract Diseases|Lung Diseases|Lung Diseases, Obstructive|Asthma|"",""|Diseases|Immune System Diseases|Allergies|Hypersensitivity, Immediate|Respiratory Hypersensitivity|Asthma|"",""|Diseases|Respiratory Tract Diseases|Respiratory Hypersensitivity|Asthma|""]"
ATTENTION DEFICIT / HYPERACTIVITY DISORDER,Attention Deficit Disorder with Hyperactivity,D001289,0,0,null
AUTISTIC DISORDER,Autistic Disorder,D001321,0,0,null
BACK PAIN,Back Pain,D001416,0,294024,"[""|Diseases|Nervous System Diseases|Neurologic Manifestations|Pain|Back Pain|"",""|Diseases|Pathological Conditions, Signs and Symptoms|Signs and Symptoms|Neurologic Manifestations|Pain|Back Pain|"",""|Diseases|Pathological Conditions, Signs and Symptoms|Signs and Symptoms|Pain|Back Pain|""]"
BACTERIAL INFECTIONS,Bacterial Infections,D001424,0,294028,"[""|Diseases|Bacterial Infections and Mycoses|Bacterial Infections|""]"
BELL'S PALSY,Bell Palsy,D020330,0,292554,"[""|Diseases|Nervous System Diseases|Cranial Nerve Diseases|Facial Nerve Diseases|Bell Palsy|"",""|Diseases|Virus Diseases|DNA Virus Infections|Herpesviridae Infections|Bell Palsy|"",""|Diseases|Stomatognathic Diseases|Mouth Diseases|Bell Palsy|""]"
BEREAVEMENT,Bereavement,D001601,0,106610,"[""|Psychiatry and Pscychology|Behavior and Behavior Mechanisms|Emotions|Bereavement|""]"
BREAST CANCER,Breast Neoplasms,D001943,0,0,null
BREATHLESSNESS,Dyspnea,D004417,0,295182,"[""|Diseases|Respiratory Tract Diseases|Respiration Disorders|Dyspnea|"",""|Diseases|Pathological Conditions, Signs and Symptoms|Signs and Symptoms|Signs and Symptoms, Respiratory|Dyspnea|""]"
BRONCHITIS,Bronchitis,D001991,0,294196,"[""|Diseases|Respiratory Tract Diseases|Bronchial Diseases|Bronchitis|"",""|Diseases|Respiratory Tract Diseases|Lung Diseases|Lung Diseases, Obstructive|Bronchitis|"",""|Diseases|Bacterial Infections and Mycoses|Infection|Respiratory Tract Infections|Bronchitis|"",""|Diseases|Respiratory Tract Diseases|Respiratory Tract Infections|Bronchitis|""]"
BULIMIA,Bulimia,D002032,0,294497,"[""|Diseases|Pathological Conditions, Signs and Symptoms|Signs and Symptoms|Signs and Symptoms, Digestive|Hyperphagia|Bulimia|""]"
CANCER,Neoplasms,D009369,0,0,null
CANCER PAIN,Pain,D010146,0,294025,"[""|Diseases|Nervous System Diseases|Neurologic Manifestations|Pain|"",""|Diseases|Pathological Conditions, Signs and Symptoms|Signs and Symptoms|Neurologic Manifestations|Pain|"",""|Diseases|Pathological Conditions, Signs and Symptoms|Signs and Symptoms|Pain|""]"
CANCER PAIN,Neoplasms,D009369,0,0,null
CARDIOVASCULAR DISEASES,Cardiovascular Diseases,D002318,0,294270,"[""|Diseases|Cardiovascular Diseases|""]"
CARPAL TUNNEL SYNDROME,Carpal Tunnel Syndrome,D002349,0,294280,"[""|Diseases|Disorders of Environmental Origin|Wounds and Injuries|Sprains and Strains|Cumulative Trauma Disorders|Carpal Tunnel Syndrome|"",""|Diseases|Nervous System Diseases|Neuromuscular Diseases|Peripheral Neuropathies|Mononeuropathies|Median Neuropathy|Carpal Tunnel Syndrome|"",""|Diseases|Nervous System Diseases|Neuromuscular Diseases|Peripheral Neuropathies|Nerve Compression Syndromes|Carpal Tunnel Syndrome|""]"
CHRONIC FATIGUE SYNDROME,"Fatigue Syndrome, Chronic",D015673,0,294690,"[""|Diseases|Nervous System Diseases|Central Nervous System Diseases|Encephalomyelitis|Fatigue Syndrome, Chronic|"",""|Diseases|Bacterial Infections and Mycoses|Central Nervous System Infections|Encephalomyelitis|Fatigue Syndrome, Chronic|"",""|Diseases|Nervous System Diseases|Central Nervous System Diseases|Central Nervous System Infections|Encephalomyelitis|Fatigue Syndrome, Chronic|"",""|Diseases|Nervous System Diseases|Central Nervous System Diseases|Brain Diseases|Encephalitis|Encephalomyelitis|Fatigue Syndrome, Chronic|"",""|Diseases|Bacterial Infections and Mycoses|Central Nervous System Infections|Encephalitis|Encephalomyelitis|Fatigue Syndrome, Chronic|"",""|Diseases|Nervous System Diseases|Central Nervous System Diseases|Central Nervous System Infections|Encephalitis|Encephalomyelitis|Fatigue Syndrome, Chronic|"",""|Diseases|Bacterial Infections and Mycoses|Central Nervous System Infections|Central Nervous System Viral Diseases|Encephalitis|Encephalomyelitis|Fatigue Syndrome, Chronic|"",""|Diseases|Nervous System Diseases|Central Nervous System Diseases|Central Nervous System Infections|Central Nervous System Viral Diseases|Encephalitis|Encephalomyelitis|Fatigue Syndrome, Chronic|"",""|Diseases|Virus Diseases|Central Nervous System Viral Diseases|Encephalitis|Encephalomyelitis|Fatigue Syndrome, Chronic|"",""|Diseases|Musculoskeletal Diseases|Muscular Diseases|Fatigue Syndrome, Chronic|"",""|Diseases|Nervous System Diseases|Neuromuscular Diseases|Muscular Diseases|Fatigue Syndrome, Chronic|"",""|Diseases|Nervous System Diseases|Neuromuscular Diseases|Fatigue Syndrome, Chronic|"",""|Diseases|Virus Diseases|Fatigue Syndrome, Chronic|""]"
CHRONIC OBSTRUCTIVE PULMONARY DISEASE,"Pulmonary Disease, Chronic Obstructive",D029424,0,0,null
COGNITION DISORDERS,Cognition Disorders,D003072,0,107046,"[""|Psychiatry and Pscychology|Mental Disorders|Delirium, Dementia, Amnestic, Cognitive Disorders|Cognition Disorders|""]"
COLIC,Colic,D003085,0,294442,"[""|Diseases|Nervous System Diseases|Neurologic Manifestations|Pain|Abdominal Pain|Colic|"",""|Diseases|Pathological Conditions, Signs and Symptoms|Signs and Symptoms|Neurologic Manifestations|Pain|Abdominal Pain|Colic|"",""|Diseases|Pathological Conditions, Signs and Symptoms|Signs and Symptoms|Pain|Abdominal Pain|Colic|"",""|Diseases|Pathological Conditions, Signs and Symptoms|Signs and Symptoms|Signs and Symptoms, Digestive|Abdominal Pain|Colic|""]"
COLITIS,Colitis,D003092,0,294444,"[""|Diseases|Digestive System Diseases|Gastrointestinal Diseases|Intestinal Diseases|Colonic Diseases|Colitis|"",""|Diseases|Digestive System Diseases|Gastrointestinal Diseases|Gastroenteritis|Colitis|""]"
COLORECTAL CANCER,Colorectal Neoplasms,D015179,0,0,null
COMMON COLD,Common Cold,D003139,0,294461,"[""|Diseases|Virus Diseases|RNA Virus Infections|Picornaviridae Infections|Common Cold|"",""|Diseases|Bacterial Infections and Mycoses|Infection|Respiratory Tract Infections|Common Cold|"",""|Diseases|Respiratory Tract Diseases|Respiratory Tract Infections|Common Cold|""]"
CONSTIPATION,Constipation,D003248,0,294487,"[""|Diseases|Pathological Conditions, Signs and Symptoms|Signs and Symptoms|Signs and Symptoms, Digestive|Constipation|""]"
CONTRACEPTION,Contraception,D003267,0,113738,"[""|Analytical, Diagnostic and Therapeutic Techniques and Equipment|Investigative Techniques|Reproductive Techniques|Contraception|"",""|Analytical, Diagnostic and Therapeutic Techniques and Equipment|Therapeutics|Reproductive Techniques|Contraception|""]"
CORONARY HEART DISEASE,Coronary Disease,D003327,0,0,null
CYSTIC FIBROSIS,Cystic Fibrosis,D003550,0,294991,"[""|Diseases|Congenital, Hereditary, and Neonatal Diseases and Abnormalities|Genetic Diseases, Inborn|Cystic Fibrosis|"",""|Diseases|Congenital, Hereditary, and Neonatal Diseases and Abnormalities|Infant, Newborn, Diseases|Cystic Fibrosis|"",""|Diseases|Respiratory Tract Diseases|Lung Diseases|Cystic Fibrosis|"",""|Diseases|Digestive System Diseases|Pancreatic Diseases|Cystic Fibrosis|""]"
CYSTITIS,Cystitis,D003556,0,294998,"[""|Diseases|Female Urogenital Diseases and Pregnancy Complications|Female Urogenital Diseases|Urologic Diseases|Urinary Bladder Diseases|Cystitis|"",""|Diseases|Male Urogenital Diseases|Urologic Diseases|Urinary Bladder Diseases|Cystitis|""]"
DEMENTIA,Dementia,D003704,0,293735,"[""|Diseases|Nervous System Diseases|Central Nervous System Diseases|Brain Diseases|Dementia|""]"
DENTAL CONDITIONS,Dentistry,D003813,0,113355,"[""|Analytical, Diagnostic and Therapeutic Techniques and Equipment|Dentistry|""]"
DEPRESSION,Depression,D003863,0,107127,"[""|Psychiatry and Pscychology|Mental Disorders|Mood Disorders|Depression|""]"
DIABETES MELLITUS,Diabetes Mellitus,D003920,0,295074,"[""|Diseases|Endocrine System Diseases|Diabetes|Diabetes Mellitus|"",""|Diseases|Endocrine System Diseases|Diabetes Mellitus|"",""|Diseases|Nutritional and Metabolic Diseases|Metabolic Diseases|Glucose Metabolism Disorders|Diabetes Mellitus|""]"
DIARRHOEA,Diarrhea,D003967,0,295019,"[""|Diseases|Pathological Conditions, Signs and Symptoms|Signs and Symptoms|Signs and Symptoms, Digestive|Diarrhea|""]"
DIZZINESS,Dizziness,D004244,0,296139,"[""|Diseases|Nervous System Diseases|Neurologic Manifestations|Sensation Disorders|Dizziness|"",""|Diseases|Pathological Conditions, Signs and Symptoms|Signs and Symptoms|Neurologic Manifestations|Sensation Disorders|Dizziness|""]"
DRUG USE DISORDERS,Substance-Related Disorders,D019966,0,107072,"[""|Psychiatry and Pscychology|Mental Disorders|Substance-Related Disorders|""]"
DYSKINESIA,Dyskinesias,D020820,0,293991,"[""|Diseases|Nervous System Diseases|Central Nervous System Diseases|Movement Disorders|Dyskinesias|"",""|Diseases|Nervous System Diseases|Neurologic Manifestations|Dyskinesias|"",""|Diseases|Pathological Conditions, Signs and Symptoms|Signs and Symptoms|Neurologic Manifestations|Dyskinesias|""]"
DYSMENORRHOEA,Dysmenorrhea,D004412,0,295174,"[""|Diseases|Pathological Conditions, Signs and Symptoms|Pathologic Processes|Menstruation Disturbances|Dysmenorrhea|"",""|Diseases|Nervous System Diseases|Neurologic Manifestations|Pain|Pelvic Pain|Dysmenorrhea|"",""|Diseases|Pathological Conditions, Signs and Symptoms|Signs and Symptoms|Neurologic Manifestations|Pain|Pelvic Pain|Dysmenorrhea|"",""|Diseases|Pathological Conditions, Signs and Symptoms|Signs and Symptoms|Pain|Pelvic Pain|Dysmenorrhea|""]"
DYSPEPSIA,Dyspepsia,D004415,0,295179,"[""|Diseases|Pathological Conditions, Signs and Symptoms|Signs and Symptoms|Signs and Symptoms, Digestive|Dyspepsia|""]"
DYSPHAGIA,Deglutition Disorders,D003680,0,295023,"[""|Diseases|Digestive System Diseases|Gastrointestinal Diseases|Esophageal Diseases|Deglutition Disorders|"",""|Diseases|Otorhinolaryngologic Diseases|Pharyngeal Diseases|Deglutition Disorders|"",""|Diseases|Stomatognathic Diseases|Pharyngeal Diseases|Deglutition Disorders|""]"
DYSPNOEA,Dyspnea,D004417,0,295182,"[""|Diseases|Respiratory Tract Diseases|Respiration Disorders|Dyspnea|"",""|Diseases|Pathological Conditions, Signs and Symptoms|Signs and Symptoms|Signs and Symptoms, Respiratory|Dyspnea|""]"
EATING DISORDERS,Eating Disorders,D001068,0,107025,"[""|Psychiatry and Pscychology|Mental Disorders|Eating Disorders|""]"
ECZEMA,Eczema,D004485,0,294913,"[""|Diseases|Skin and Connective Tissue Diseases|Skin Diseases|Dermatitis|Eczema|"",""|Diseases|Skin and Connective Tissue Diseases|Skin Diseases|Skin Diseases, Eczematous|Eczema|""]"
ECZEMA,"Dermatitis, Atopic",D003876,0,295064,"[""|Diseases|Skin and Connective Tissue Diseases|Skin Diseases|Dermatitis|Dermatitis, Atopic|"",""|Diseases|Immune System Diseases|Allergies|Hypersensitivity, Immediate|Dermatitis, Atopic|"",""|Diseases|Skin and Connective Tissue Diseases|Skin Diseases|Skin Diseases, Eczematous|Dermatitis, Atopic|"",""|Diseases|Congenital, Hereditary, and Neonatal Diseases and Abnormalities|Genetic Diseases, Inborn|Skin Diseases, Genetic|Dermatitis, Atopic|"",""|Diseases|Skin and Connective Tissue Diseases|Skin Diseases|Skin Diseases, Genetic|Dermatitis, Atopic|""]"
ENDOMETRIOSIS,Endometriosis,D004715,0,294641,"[""|Diseases|Female Urogenital Diseases and Pregnancy Complications|Female Urogenital Diseases|Genital Diseases, Female|Endometriosis|""]"
ENT CONDITIONS,Otorhinolaryngologic Diseases,D010038,0,294420,"[""|Diseases|Otorhinolaryngologic Diseases|""]"
ENURESIS,Enuresis,D004775,0,106958,"[""|Psychiatry and Pscychology|Mental Disorders|Mental Disorders Diagnosed in Childhood|Elimination Disorders|Enuresis|""]"
EPILEPSY,Epilepsy,D004827,0,0,null
ERECTILE DYSFUNCTION,Erectile Dysfunction,D007172,0,107080,"[""|Psychiatry and Pscychology|Mental Disorders|Sexual and Gender Disorders|Sexual Dysfunctions, Psychological|Erectile Dysfunction|""]"
EYE DISEASES,Eye Diseases,D005128,0,293982,"[""|Diseases|Eye Diseases|""]"
FALLS,Accidental Falls,D000058,0,112213,"[""|Health Care|Population Characteristics|Health|Public Health|Accidents|Accidental Falls|""]"
FATIGUE,Fatigue,D005221,0,293979,"[""|Diseases|Pathological Conditions, Signs and Symptoms|Signs and Symptoms|Fatigue|""]"
FIBROIDS,Leiomyoma,D007889,0,293096,"[""|Diseases|Cancers|Cancers by Histologic Type|Cancers, Connective and Soft Tissue|Cancers, Muscle Tissue|Leiomyoma|""]"
FIBROMYALGIA,Fibromyalgia,D005356,0,295321,"[""|Diseases|Musculoskeletal Diseases|Muscular Diseases|Fibromyalgia|"",""|Diseases|Nervous System Diseases|Neuromuscular Diseases|Muscular Diseases|Fibromyalgia|"",""|Diseases|Skin and Connective Tissue Diseases|Connective Tissue Diseases|Rheumatic Diseases|Fibromyalgia|"",""|Diseases|Musculoskeletal Diseases|Rheumatic Diseases|Fibromyalgia|""]"
FRACTURES,"Fractures, Bone",D050723,0,294141,"[""|Diseases|Disorders of Environmental Origin|Wounds and Injuries|Fractures, Bone|""]"
FUNGAL INFECTIONS,Dermatomycoses,D003881,0,294109,"[""|Diseases|Bacterial Infections and Mycoses|Mycoses|Dermatomycoses|"",""|Diseases|Bacterial Infections and Mycoses|Infection|Skin Diseases, Infectious|Dermatomycoses|"",""|Diseases|Skin and Connective Tissue Diseases|Skin Diseases|Skin Diseases, Infectious|Dermatomycoses|""]"
GALLSTONES,Gallstones,D042882,0,292670,"[""|Diseases|Pathological Conditions, Signs and Symptoms|Pathological Conditions, Anatomical|Calculi|Gallstones|"",""|Diseases|Digestive System Diseases|Biliary Tract Diseases|Cholelithiasis|Cholecystolithiasis|Gallstones|"",""|Diseases|Digestive System Diseases|Biliary Tract Diseases|Gallbladder Diseases|Cholecystolithiasis|Gallstones|"",""|Diseases|Digestive System Diseases|Biliary Tract Diseases|Cholelithiasis|Gallstones|""]"
GASTROINTESTINAL DISEASES,Gastrointestinal Diseases,D005767,0,295227,"[""|Diseases|Digestive System Diseases|Gastrointestinal Diseases|""]"
GLAUCOMA,Glaucoma,D005901,0,295426,"[""|Diseases|Eye Diseases|Ocular Hypertension|Glaucoma|""]"
HAEMORRHAGE,Hemorrhage,D006470,0,295197,"[""|Diseases|Pathological Conditions, Signs and Symptoms|Pathologic Processes|Hemorrhage|""]"
HAY FEVER,"Rhinitis, Allergic, Seasonal",D006255,0,294741,"[""|Diseases|Immune System Diseases|Allergies|Hypersensitivity, Immediate|Respiratory Hypersensitivity|Rhinitis, Allergic, Seasonal|"",""|Diseases|Respiratory Tract Diseases|Respiratory Hypersensitivity|Rhinitis, Allergic, Seasonal|"",""|Diseases|Otorhinolaryngologic Diseases|Nose Diseases|Rhinitis|Rhinitis, Allergic, Seasonal|"",""|Diseases|Respiratory Tract Diseases|Nose Diseases|Rhinitis|Rhinitis, Allergic, Seasonal|"",""|Diseases|Bacterial Infections and Mycoses|Infection|Respiratory Tract Infections|Rhinitis|Rhinitis, Allergic, Seasonal|"",""|Diseases|Respiratory Tract Diseases|Respiratory Tract Infections|Rhinitis|Rhinitis, Allergic, Seasonal|""]"
HEADACHE,Headache,D006261,0,294746,"[""|Diseases|Nervous System Diseases|Neurologic Manifestations|Pain|Headache|"",""|Diseases|Pathological Conditions, Signs and Symptoms|Signs and Symptoms|Neurologic Manifestations|Pain|Headache|"",""|Diseases|Pathological Conditions, Signs and Symptoms|Signs and Symptoms|Pain|Headache|""]"
HEART FAILURE,Heart Failure,D006333,0,295184,"[""|Diseases|Cardiovascular Diseases|Heart Diseases|Heart Failure|""]"
HEPATIC ENCEPHALOPATHY,Hepatic Encephalopathy,D006501,0,295140,"[""|Diseases|Nervous System Diseases|Central Nervous System Diseases|Brain Diseases|Brain Diseases, Metabolic|Hepatic Encephalopathy|"",""|Diseases|Nutritional and Metabolic Diseases|Metabolic Diseases|Brain Diseases, Metabolic|Hepatic Encephalopathy|"",""|Diseases|Digestive System Diseases|Liver Diseases|Hepatic Insufficiency|Liver Failure|Hepatic Encephalopathy|""]"
HEPATITIS,Hepatitis,D006505,0,294838,"[""|Diseases|Digestive System Diseases|Liver Diseases|Hepatitis|""]"
HERNIATED DISC,Intervertebral Disk Displacement,D007405,0,293000,"[""|Diseases|Musculoskeletal Diseases|Bone Diseases|Spinal Diseases|Intervertebral Disk Displacement|""]"
HERPES SIMPLEX VIRUS,Herpes Simplex,D006561,0,294870,"[""|Diseases|Virus Diseases|DNA Virus Infections|Herpesviridae Infections|Herpes Simplex|"",""|Diseases|Bacterial Infections and Mycoses|Infection|Skin Diseases, Infectious|Skin Diseases, Viral|Herpes Simplex|"",""|Diseases|Skin and Connective Tissue Diseases|Skin Diseases|Skin Diseases, Infectious|Skin Diseases, Viral|Herpes Simplex|"",""|Diseases|Virus Diseases|Skin Diseases, Viral|Herpes Simplex|""]"
HIGH BLOOD PRESSURE,Hypertension,D006973,0,294127,"[""|Diseases|Cardiovascular Diseases|Vascular Diseases|Hypertension|""]"
HIGH CHOLESTEROL,Hypercholesterolemia,D006937,0,294378,"[""|Diseases|Nutritional and Metabolic Diseases|Metabolic Diseases|Lipid Metabolism Disorders|Dyslipidemias|Hyperlipidaemias|Hypercholesterolemia|""]"
HIGH CHOLESTEROL,Cholesterol,D002784,0,108112,"[""|Determinants Of Health|Diet And Nutrition|Nutrition|Nutrition Components|Lipid|Cholesterol|""]"
HIV (HUMAN IMMUNODEFICIENCY VIRUS),HIV,D006678,0,118233,"[""|Natural Science, Anatomy and Organisms|Organisms|Viruses|Vertebrate Viruses|Oncogenic Viruses|Retroviridae|Lentivirus|Lentiviruses, Primate|HIV|"",""|Natural Science, Anatomy and Organisms|Organisms|Viruses|Vertebrate Viruses|RNA Viruses|Retroviridae|Lentivirus|Lentiviruses, Primate|HIV|"",""|Natural Science, Anatomy and Organisms|Organisms|Viruses|RNA Viruses|Retroviridae|Lentivirus|Lentiviruses, Primate|HIV|""]"
HOT FLUSHES,Hot Flashes,D019584,0,293191,"[""|Diseases|Pathological Conditions, Signs and Symptoms|Signs and Symptoms|Hot Flashes|""]"
HYPERLIPIDAEMIA,Hyperlipidemias,D006949,0,0,null
HYPERTENSION,Hypertension,D006973,0,294127,"[""|Diseases|Cardiovascular Diseases|Vascular Diseases|Hypertension|""]"
HYPERTHYROIDISM,Hyperthyroidism,D006980,0,294585,"[""|Diseases|Endocrine System Diseases|Thyroid Diseases|Hyperthyroidism|"",""|Diseases|Endocrine System Diseases|Thyroid and Parathyroid Disease|Thyroid Diseases|Hyperthyroidism|""]"
INDIGESTION,Dyspepsia,D004415,0,295179,"[""|Diseases|Pathological Conditions, Signs and Symptoms|Signs and Symptoms|Signs and Symptoms, Digestive|Dyspepsia|""]"
INFERTILITY,Infertility,D007246,0,295303,"[""|Diseases|Female Urogenital Diseases and Pregnancy Complications|Female Urogenital Diseases|Genital Diseases, Female|Infertility|"",""|Diseases|Male Urogenital Diseases|Genital Diseases, Male|Infertility|""]"
INFLAMMATORY BOWEL DISEASE,Inflammatory Bowel Diseases,D015212,0,0,null
INFLUENZA,"Influenza, Human",D007251,0,293209,"[""|Diseases|Virus Diseases|RNA Virus Infections|Orthomyxoviridae Infections|Influenza, Human|"",""|Diseases|Bacterial Infections and Mycoses|Infection|Respiratory Tract Infections|Influenza, Human|"",""|Diseases|Respiratory Tract Diseases|Respiratory Tract Infections|Influenza, Human|""]"
INSOMNIA,Sleep Initiation and Maintenance Disorders,D007319,0,106949,"[""|Psychiatry and Pscychology|Mental Disorders|Sleep Disorders|Dyssomnias|Sleep Disorders, Intrinsic|Sleep Initiation and Maintenance Disorders|""]"
INTESTINAL OBSTRUCTION,Intestinal Obstruction,D007415,0,293488,"[""|Diseases|Digestive System Diseases|Gastrointestinal Diseases|Intestinal Diseases|Intestinal Obstruction|""]"
IRRITABLE BOWEL SYNDROME,Irritable Bowel Syndrome,D043183,0,292672,"[""|Diseases|Digestive System Diseases|Gastrointestinal Diseases|Intestinal Diseases|Colonic Diseases|Colonic Diseases, Functional|Irritable Bowel Syndrome|""]"
KIDNEY DISEASES,Kidney Diseases,D007674,0,0,null
LABOUR,"Labor, Obstetric",D007743,0,122749,"[""|Natural Science, Anatomy and Organisms|Natural Sciences|Biological Sciences|Reproductive and Urinary Physiology|Reproduction|Pregnancy|Labor, Obstetric|""]"
LEARNING DISORDERS,Learning Disorders,D007859,0,295172,"[""|Diseases|Nervous System Diseases|Neurologic Manifestations|Neurobehavioral Manifestations|Communication Disorders|Learning Disorders|"",""|Diseases|Pathological Conditions, Signs and Symptoms|Signs and Symptoms|Neurologic Manifestations|Neurobehavioral Manifestations|Communication Disorders|Learning Disorders|""]"
LICE INFESTATIONS,Lice Infestations,D010373,0,293368,"[""|Diseases|Parasitic Diseases|Skin Diseases, Parasitic|Ectoparasitic Infestations|Lice Infestations|"",""|Diseases|Bacterial Infections and Mycoses|Infection|Skin Diseases, Infectious|Skin Diseases, Parasitic|Ectoparasitic Infestations|Lice Infestations|"",""|Diseases|Skin and Connective Tissue Diseases|Skin Diseases|Skin Diseases, Infectious|Skin Diseases, Parasitic|Ectoparasitic Infestations|Lice Infestations|"",""|Diseases|Parasitic Diseases|Skin Diseases, Parasitic|Lice Infestations|"",""|Diseases|Bacterial Infections and Mycoses|Infection|Skin Diseases, Infectious|Skin Diseases, Parasitic|Lice Infestations|"",""|Diseases|Skin and Connective Tissue Diseases|Skin Diseases|Skin Diseases, Infectious|Skin Diseases, Parasitic|Lice Infestations|""]"
LIVER DISEASES,Liver Diseases,D008107,0,294376,"[""|Diseases|Digestive System Diseases|Liver Diseases|""]"
LUNG CANCER,Lung Neoplasms,D008175,0,0,null
LUPUS,"Lupus Erythematosus, Systemic",D008180,0,292429,"[""|Diseases|Immune System Diseases|Autoimmune Diseases|Lupus Erythematosus, Systemic|"",""|Diseases|Skin and Connective Tissue Diseases|Connective Tissue Diseases|Lupus Erythematosus, Systemic|""]"
LYMPHOEDEMA,Lymphedema,D008209,0,294591,"[""|Diseases|Hemic and Lymphatic Diseases|Lymphatic Diseases|Lymphedema|""]"
MACULAR DEGENERATION,Macular Degeneration,D008268,0,293592,"[""|Diseases|Eye Diseases|Retinal Diseases|Retinal Degeneration|Macular Degeneration|""]"
MALARIA,Malaria,D008288,0,293143,"[""|Diseases|Parasitic Diseases|Protozoan Infections|Coccidiosis|Malaria|""]"
MALE UROGENITAL DISEASES,Male Urogenital Diseases,D052801,0,295398,"[""|Diseases|Male Urogenital Diseases|""]"
MEASLES,Measles,D008457,0,293153,"[""|Diseases|Virus Diseases|RNA Virus Infections|Mononegavirales Infections|Paramyxoviridae Infections|Morbillivirus Infections|Measles|""]"
MENOPAUSAL SYMPTOMS,Menopause,D008593,0,0,null
MENSTRUAL CYCLE DISORDERS,Menstruation Disturbances,D008599,0,293570,"[""|Diseases|Pathological Conditions, Signs and Symptoms|Pathologic Processes|Menstruation Disturbances|""]"
MENTAL DISORDERS,Mental Disorders,D001523,0,106960,"[""|Psychiatry and Pscychology|Mental Disorders|""]"
METABOLIC DISEASES,Metabolic Diseases,D008659,0,293424,"[""|Diseases|Nutritional and Metabolic Diseases|Metabolic Diseases|""]"
MIGRAINE,Migraine Disorders,D008881,0,293215,"[""|Diseases|Nervous System Diseases|Central Nervous System Diseases|Brain Diseases|Headache Disorders|Headache Disorders, Primary|Migraine Disorders|""]"
MOLLUSCUM CONTAGIOSUM,Molluscum Contagiosum,D008976,0,293224,"[""|Diseases|Virus Diseases|DNA Virus Infections|Poxviridae Infections|Molluscum Contagiosum|"",""|Diseases|Bacterial Infections and Mycoses|Infection|Skin Diseases, Infectious|Skin Diseases, Viral|Molluscum Contagiosum|"",""|Diseases|Skin and Connective Tissue Diseases|Skin Diseases|Skin Diseases, Infectious|Skin Diseases, Viral|Molluscum Contagiosum|"",""|Diseases|Virus Diseases|Skin Diseases, Viral|Molluscum Contagiosum|""]"
MOTION SICKNESS,Motion Sickness,D009041,0,293233,"[""|Diseases|Disorders of Environmental Origin|Motion Sickness|""]"
MULTIPLE SCLEROSIS,Multiple Sclerosis,D009103,0,293249,"[""|Diseases|Immune System Diseases|Autoimmune Diseases|Autoimmune Diseases of the Nervous System|Demyelinating Autoimmune Diseases, CNS|Multiple Sclerosis|"",""|Diseases|Nervous System Diseases|Autoimmune Diseases of the Nervous System|Demyelinating Autoimmune Diseases, CNS|Multiple Sclerosis|"",""|Diseases|Nervous System Diseases|Demyelinating Diseases|Demyelinating Autoimmune Diseases, CNS|Multiple Sclerosis|""]"
MUSCULAR DISEASES,Muscular Diseases,D009135,0,293956,"[""|Diseases|Musculoskeletal Diseases|Muscular Diseases|"",""|Diseases|Nervous System Diseases|Neuromuscular Diseases|Muscular Diseases|""]"
MUSCULOSKELETAL DISEASES,Musculoskeletal Diseases,D009140,0,294140,"[""|Diseases|Musculoskeletal Diseases|""]"
MYOCARDIAL INFARCTION,Myocardial Infarction,D009203,0,292983,"[""|Diseases|Cardiovascular Diseases|Heart Diseases|Myocardial Ischemia|Myocardial Infarction|"",""|Diseases|Cardiovascular Diseases|Vascular Diseases|Myocardial Ischemia|Myocardial Infarction|""]"
MYOCARDITIS,Myocarditis,D009205,0,293687,"[""|Diseases|Cardiovascular Diseases|Heart Diseases|Cardiomyopathies|Myocarditis|""]"
MYOFASCIAL PAIN,Myofascial Pain Syndromes,D009209,0,293257,"[""|Diseases|Musculoskeletal Diseases|Muscular Diseases|Myofascial Pain Syndromes|"",""|Diseases|Nervous System Diseases|Neuromuscular Diseases|Muscular Diseases|Myofascial Pain Syndromes|""]"
NAUSEA,Nausea,D009325,0,293269,"[""|Diseases|Pathological Conditions, Signs and Symptoms|Signs and Symptoms|Signs and Symptoms, Digestive|Nausea|""]"
NECK INJURIES,Neck Injuries,D019838,0,296165,"[""|Diseases|Disorders of Environmental Origin|Wounds and Injuries|Neck Injuries|""]"
NECK PAIN,Neck Pain,D019547,0,292447,"[""|Diseases|Nervous System Diseases|Neurologic Manifestations|Pain|Neck Pain|"",""|Diseases|Pathological Conditions, Signs and Symptoms|Signs and Symptoms|Neurologic Manifestations|Pain|Neck Pain|"",""|Diseases|Pathological Conditions, Signs and Symptoms|Signs and Symptoms|Pain|Neck Pain|""]"
NEPHROTIC SYNDROME,Nephrotic Syndrome,D009404,0,293711,"[""|Diseases|Female Urogenital Diseases and Pregnancy Complications|Female Urogenital Diseases|Urologic Diseases|Kidney Disease|Nephrosis|Nephrotic Syndrome|"",""|Diseases|Male Urogenital Diseases|Urologic Diseases|Kidney Disease|Nephrosis|Nephrotic Syndrome|""]"
NERVOUS SYSTEM DISEASES,Nervous System Diseases,D009422,0,294010,"[""|Diseases|Nervous System Diseases|""]"
OBESITY,Obesity,D009765,0,293913,"[""|Diseases|Nutritional and Metabolic Diseases|Nutrition Disorders|Overnutrition|Obesity|"",""|Diseases|Pathological Conditions, Signs and Symptoms|Signs and Symptoms|Body Weight|Overweight|Obesity|""]"
OBSESSIVE-COMPULSIVE DISORDER,Obsessive-Compulsive Disorder,D009771,0,107108,"[""|Psychiatry and Pscychology|Mental Disorders|Anxiety|Obsessive-Compulsive Disorder|""]"
OSTEOARTHRITIS,Osteoarthritis,D010003,0,295590,"[""|Diseases|Musculoskeletal Diseases|Joint Diseases|Arthritis|Osteoarthritis|"",""|Diseases|Skin and Connective Tissue Diseases|Connective Tissue Diseases|Rheumatic Diseases|Osteoarthritis|"",""|Diseases|Musculoskeletal Diseases|Rheumatic Diseases|Osteoarthritis|""]"
OSTEOPOROSIS,Osteoporosis,D010024,0,295607,"[""|Diseases|Musculoskeletal Diseases|Bone Diseases|Bone Diseases, Metabolic|Osteoporosis|""]"
OTITIS,Otitis,D010031,0,293073,"[""|Diseases|Otorhinolaryngologic Diseases|Ear Diseases|Otitis|""]"
PAIN,Pain,D010146,0,294025,"[""|Diseases|Nervous System Diseases|Neurologic Manifestations|Pain|"",""|Diseases|Pathological Conditions, Signs and Symptoms|Signs and Symptoms|Neurologic Manifestations|Pain|"",""|Diseases|Pathological Conditions, Signs and Symptoms|Signs and Symptoms|Pain|""]"
PANCREATITIS,Pancreatitis,D010195,0,295630,"[""|Diseases|Digestive System Diseases|Pancreatic Diseases|Pancreatitis|""]"
PARKINSONS DISEASE,Parkinson Disease,D010300,0,0,null
PATELLOFEMORAL PAIN SYNDROME,Patellofemoral Pain Syndrome,D046788,0,292714,"[""|Diseases|Musculoskeletal Diseases|Joint Diseases|Patellofemoral Pain Syndrome|""]"
PELVIC PAIN,Pelvic Pain,D017699,0,295175,"[""|Diseases|Nervous System Diseases|Neurologic Manifestations|Pain|Pelvic Pain|"",""|Diseases|Pathological Conditions, Signs and Symptoms|Signs and Symptoms|Neurologic Manifestations|Pain|Pelvic Pain|"",""|Diseases|Pathological Conditions, Signs and Symptoms|Signs and Symptoms|Pain|Pelvic Pain|""]"
PERIPHERAL VASCULAR DISEASES,Peripheral Vascular Diseases,D016491,0,295218,"[""|Diseases|Cardiovascular Diseases|Vascular Diseases|Peripheral Vascular Diseases|""]"
PHARYNGITIS,Pharyngitis,D010612,0,295450,"[""|Diseases|Otorhinolaryngologic Diseases|Pharyngeal Diseases|Pharyngitis|"",""|Diseases|Stomatognathic Diseases|Pharyngeal Diseases|Pharyngitis|"",""|Diseases|Bacterial Infections and Mycoses|Infection|Respiratory Tract Infections|Pharyngitis|"",""|Diseases|Respiratory Tract Diseases|Respiratory Tract Infections|Pharyngitis|""]"
PHOBIC DISORDERS,Phobic Disorders,D010698,0,107154,"[""|Psychiatry and Pscychology|Mental Disorders|Anxiety|Phobic Disorders|""]"
PNEUMONIA,Pneumonia,D011014,0,294445,"[""|Diseases|Respiratory Tract Diseases|Lung Diseases|Pneumonia|"",""|Diseases|Bacterial Infections and Mycoses|Infection|Respiratory Tract Infections|Pneumonia|"",""|Diseases|Respiratory Tract Diseases|Respiratory Tract Infections|Pneumonia|""]"
POISONING,Poisoning,D011041,0,293744,"[""|Diseases|Disorders of Environmental Origin|Poisoning|""]"
POST-TRAUMATIC STRESS DISORDER,"Stress Disorders, Post-Traumatic",D013313,0,107102,"[""|Psychiatry and Pscychology|Mental Disorders|Anxiety|Stress Disorders, Traumatic|Stress Disorders, Post-Traumatic|""]"
PRE-ECLAMPSIA,Pre-Eclampsia,D011225,0,295522,"[""|Diseases|Cardiovascular Diseases|Vascular Diseases|Hypertension|Hypertension, Pregnancy-Induced|Pre-Eclampsia|"",""|Diseases|Female Urogenital Diseases and Pregnancy Complications|Pregnancy Complications|Hypertension, Pregnancy-Induced|Pre-Eclampsia|""]"
PREGNANCY,Pregnancy,D011247,0,122750,"[""|Natural Science, Anatomy and Organisms|Natural Sciences|Biological Sciences|Reproductive and Urinary Physiology|Reproduction|Pregnancy|""]"
PREMATURE INFANTS,"Infant, Premature",D007234,0,0,null
PREMENSTRUAL SYNDROME,Premenstrual Syndrome,D011293,0,293630,"[""|Diseases|Pathological Conditions, Signs and Symptoms|Pathologic Processes|Menstruation Disturbances|Premenstrual Syndrome|""]"
PROSTATE CANCER,Prostatic Neoplasms,D011471,0,0,null
PROSTATIC HYPERPLASIA,Prostatic Hyperplasia,D011470,0,295700,"[""|Diseases|Male Urogenital Diseases|Genital Diseases, Male|Prostatic Disease|Prostatic Hyperplasia|""]"
PSORIASIS,Psoriasis,D011565,0,295719,"[""|Diseases|Skin and Connective Tissue Diseases|Skin Diseases|Skin Diseases, Papulosquamous|Psoriasis|""]"
PSYCHOPHYSIOLOGIC DISORDERS,Psychophysiologic Disorders,D011602,0,295721,"[""|Diseases|Nervous System Diseases|Neurologic Manifestations|Psychophysiologic Disorders|"",""|Diseases|Pathological Conditions, Signs and Symptoms|Signs and Symptoms|Neurologic Manifestations|Psychophysiologic Disorders|""]"
PULMONARY HEART DISEASE,Pulmonary Heart Disease,D011660,0,292926,"[""|Diseases|Cardiovascular Diseases|Heart Diseases|Pulmonary Heart Disease|""]"
RHINITIS,Rhinitis,D012220,0,294742,"[""|Diseases|Otorhinolaryngologic Diseases|Nose Diseases|Rhinitis|"",""|Diseases|Respiratory Tract Diseases|Nose Diseases|Rhinitis|"",""|Diseases|Bacterial Infections and Mycoses|Infection|Respiratory Tract Infections|Rhinitis|"",""|Diseases|Respiratory Tract Diseases|Respiratory Tract Infections|Rhinitis|""]"
REPETITIVE STRAIN INJURY,Cumulative Trauma Disorders,D012090,0,294282,"[""|Diseases|Disorders of Environmental Origin|Wounds and Injuries|Sprains and Strains|Cumulative Trauma Disorders|""]"
RESPIRATORY TRACT INFECTIONS,Respiratory Tract Infections,D012141,0,294436,"[""|Diseases|Bacterial Infections and Mycoses|Infection|Respiratory Tract Infections|"",""|Diseases|Respiratory Tract Diseases|Respiratory Tract Infections|""]"
RHEUMATOID ARTHRITIS,"Arthritis, Rheumatoid",D001172,0,0,null
SCHIZOPHRENIA,Schizophrenia,D012559,0,107091,"[""|Psychiatry and Pscychology|Mental Disorders|Schizophrenia and Disorders with Psychotic Features|Schizophrenia|""]"
SEIZURES,Seizures,D012640,0,293863,"[""|Diseases|Nervous System Diseases|Central Nervous System Diseases|Brain Diseases|Epilepsies|Seizures|"",""|Diseases|Nervous System Diseases|Neurologic Manifestations|Seizures|"",""|Diseases|Pathological Conditions, Signs and Symptoms|Signs and Symptoms|Neurologic Manifestations|Seizures|""]"
SEVERE ACUTE RESPIRATORY SYNDROME,Severe Acute Respiratory Syndrome,D045169,0,292681,"[""|Diseases|Virus Diseases|RNA Virus Infections|Nidovirales Infections|Coronaviridae Infections|Coronavirus Infections|Severe Acute Respiratory Syndrome|"",""|Diseases|Bacterial Infections and Mycoses|Infection|Respiratory Tract Infections|Severe Acute Respiratory Syndrome|"",""|Diseases|Respiratory Tract Diseases|Respiratory Tract Infections|Severe Acute Respiratory Syndrome|""]"
SEXUAL DISORDERS,"Sexual Dysfunction, Physiological",D012735,0,295177,"[""|Diseases|Female Urogenital Diseases and Pregnancy Complications|Female Urogenital Diseases|Genital Diseases, Female|Sexual Dysfunction, Physiological|"",""|Diseases|Male Urogenital Diseases|Genital Diseases, Male|Sexual Dysfunction, Physiological|""]"
SHOULDER IMPINGEMENT SYNDROME,Shoulder Impingement Syndrome,D019534,0,296263,"[""|Diseases|Musculoskeletal Diseases|Joint Diseases|Shoulder Impingement Syndrome|""]"
SHOULDER PAIN,Shoulder Pain,D020069,0,292476,"[""|Diseases|Musculoskeletal Diseases|Joint Diseases|Arthralgia|Shoulder Pain|"",""|Diseases|Nervous System Diseases|Neurologic Manifestations|Pain|Arthralgia|Shoulder Pain|"",""|Diseases|Pathological Conditions, Signs and Symptoms|Signs and Symptoms|Neurologic Manifestations|Pain|Arthralgia|Shoulder Pain|"",""|Diseases|Pathological Conditions, Signs and Symptoms|Signs and Symptoms|Pain|Arthralgia|Shoulder Pain|"",""|Diseases|Nervous System Diseases|Neurologic Manifestations|Pain|Shoulder Pain|"",""|Diseases|Pathological Conditions, Signs and Symptoms|Signs and Symptoms|Neurologic Manifestations|Pain|Shoulder Pain|"",""|Diseases|Pathological Conditions, Signs and Symptoms|Signs and Symptoms|Pain|Shoulder Pain|""]"
SICKLE CELL ANAEMIA,"Anemia, Sickle Cell",D000755,0,293809,"[""|Diseases|Hemic and Lymphatic Diseases|Hematologic Diseases|Anemia|Anemia, Hemolytic|Anemia, Hemolytic, Congenital|Anemia, Sickle Cell|"",""|Diseases|Congenital, Hereditary, and Neonatal Diseases and Abnormalities|Genetic Diseases, Inborn|Anemia, Hemolytic, Congenital|Anemia, Sickle Cell|"",""|Diseases|Congenital, Hereditary, and Neonatal Diseases and Abnormalities|Genetic Diseases, Inborn|Haemoglobinopathies|Anemia, Sickle Cell|"",""|Diseases|Hemic and Lymphatic Diseases|Hematologic Diseases|Haemoglobinopathies|Anemia, Sickle Cell|""]"
SKIN DISEASES,Skin Diseases,D012871,0,293837,"[""|Diseases|Skin and Connective Tissue Diseases|Skin Diseases|""]"
SLEEP DISORDERS,Sleep Disorders,D012893,0,107106,"[""|Psychiatry and Pscychology|Mental Disorders|Sleep Disorders|""]"
SMOKING CESSATION,Smoking Cessation,D016540,0,108345,"[""|Determinants Of Health|Environmental Determinant|Causes Of Harm|Smoking|Smoking Cessation|"",""|Determinants Of Health|Individual Behaviour|Smoking|Smoking Cessation|""]"
SOMATOFORM DISORDERS,Somatoform Disorders,D013001,0,107114,"[""|Psychiatry and Pscychology|Mental Disorders|Somatoform Disorders|""]"
SORE THROAT,Pharyngitis,D010612,0,295450,"[""|Diseases|Otorhinolaryngologic Diseases|Pharyngeal Diseases|Pharyngitis|"",""|Diseases|Stomatognathic Diseases|Pharyngeal Diseases|Pharyngitis|"",""|Diseases|Bacterial Infections and Mycoses|Infection|Respiratory Tract Infections|Pharyngitis|"",""|Diseases|Respiratory Tract Diseases|Respiratory Tract Infections|Pharyngitis|""]"
SPRAINS AND STRAINS,Sprains and Strains,D013180,0,295773,"[""|Diseases|Disorders of Environmental Origin|Wounds and Injuries|Sprains and Strains|""]"
STOMATITIS,Stomatitis,D013280,0,295936,"[""|Diseases|Stomatognathic Diseases|Mouth Diseases|Stomatitis|""]"
STRESS,"Stress, Psychological",D013315,0,113610,"[""|Analytical, Diagnostic and Therapeutic Techniques and Equipment|Therapeutics|Complementary Therapies|Mind-Body and Relaxation Techniques|Psychophysiology|Stress, Psychological|""]"
STROKE,Stroke,D020521,0,292574,"[""|Diseases|Nervous System Diseases|Central Nervous System Diseases|Brain Diseases|Cerebrovascular Disorders|Stroke|"",""|Diseases|Cardiovascular Diseases|Vascular Diseases|Cerebrovascular Disorders|Stroke|""]"
SURGICAL PROCEDURES,"Surgical Procedures, Operative",D013514,0,113321,"[""|Analytical, Diagnostic and Therapeutic Techniques and Equipment|Surgical Procedures, Operative|""]"
TEMPOROMANDIBULAR JOINT DISORDERS,Temporomandibular Joint Disorders,D013705,0,295997,"[""|Diseases|Musculoskeletal Diseases|Jaw Diseases|Mandibular Diseases|Craniomandibular Disorders|Temporomandibular Joint Disorders|"",""|Diseases|Stomatognathic Diseases|Jaw Diseases|Mandibular Diseases|Craniomandibular Disorders|Temporomandibular Joint Disorders|"",""|Diseases|Musculoskeletal Diseases|Muscular Diseases|Craniomandibular Disorders|Temporomandibular Joint Disorders|"",""|Diseases|Nervous System Diseases|Neuromuscular Diseases|Muscular Diseases|Craniomandibular Disorders|Temporomandibular Joint Disorders|"",""|Diseases|Musculoskeletal Diseases|Joint Diseases|Temporomandibular Joint Disorders|"",""|Diseases|Stomatognathic Diseases|Temporomandibular Joint Disorders|""]"
TENDINITIS,Tendinopathy,D052256,0,296001,"[""|Diseases|Musculoskeletal Diseases|Muscular Diseases|Tendinopathy|"",""|Diseases|Nervous System Diseases|Neuromuscular Diseases|Muscular Diseases|Tendinopathy|"",""|Diseases|Disorders of Environmental Origin|Wounds and Injuries|Tendon Injuries|Tendinopathy|""]"
TENNIS ELBOW,Tennis Elbow,D013716,0,294600,"[""|Diseases|Disorders of Environmental Origin|Wounds and Injuries|Arm Injuries|Tennis Elbow|"",""|Diseases|Musculoskeletal Diseases|Tennis Elbow|""]"
TINNITUS,Tinnitus,D014012,0,296034,"[""|Diseases|Otorhinolaryngologic Diseases|Ear Diseases|Hearing Disorders|Tinnitus|"",""|Diseases|Nervous System Diseases|Neurologic Manifestations|Sensation Disorders|Hearing Disorders|Tinnitus|"",""|Diseases|Pathological Conditions, Signs and Symptoms|Signs and Symptoms|Neurologic Manifestations|Sensation Disorders|Hearing Disorders|Tinnitus|""]"
URINARY INCONTINENCE,Urinary Incontinence,D014549,0,296114,"[""|Diseases|Female Urogenital Diseases and Pregnancy Complications|Female Urogenital Diseases|Urologic Diseases|Urination Disorders|Urinary Incontinence|"",""|Diseases|Male Urogenital Diseases|Urologic Diseases|Urination Disorders|Urinary Incontinence|"",""|Diseases|Pathological Conditions, Signs and Symptoms|Signs and Symptoms|Urological Manifestations|Urinary Incontinence|""]"
URINARY TRACT INFECTIONS,Urinary Tract Infections,D014552,0,294030,"[""|Diseases|Bacterial Infections and Mycoses|Infection|Urinary Tract Infections|"",""|Diseases|Female Urogenital Diseases and Pregnancy Complications|Female Urogenital Diseases|Urologic Diseases|Urinary Tract Infections|"",""|Diseases|Male Urogenital Diseases|Urologic Diseases|Urinary Tract Infections|""]"
URINARY TRACT STONES,Urinary Calculi,D014545,0,294092,"[""|Diseases|Pathological Conditions, Signs and Symptoms|Pathological Conditions, Anatomical|Calculi|Urinary Calculi|"",""|Diseases|Female Urogenital Diseases and Pregnancy Complications|Female Urogenital Diseases|Urologic Diseases|Urolithiasis|Urinary Calculi|"",""|Diseases|Male Urogenital Diseases|Urologic Diseases|Urolithiasis|Urinary Calculi|""]"
VARICOSE VEINS,Varicose Veins,D014648,0,296126,"[""|Diseases|Cardiovascular Diseases|Vascular Diseases|Varicose Veins|""]"
VENOUS INSUFFICIENCY,Venous Insufficiency,D014689,0,295520,"[""|Diseases|Cardiovascular Diseases|Vascular Diseases|Venous Insufficiency|""]"
VERTIGO,Vertigo,D014717,0,296692,"[""|Diseases|Nervous System Diseases|Neurologic Manifestations|Vertigo|"",""|Diseases|Pathological Conditions, Signs and Symptoms|Signs and Symptoms|Neurologic Manifestations|Vertigo|"",""|Diseases|Otorhinolaryngologic Diseases|Ear Diseases|Labyrinth Diseases|Vestibular Diseases|Vertigo|""]"
VESTIBULAR DISEASES,Vestibular Diseases,D015837,0,296134,"[""|Diseases|Otorhinolaryngologic Diseases|Ear Diseases|Labyrinth Diseases|Vestibular Diseases|""]"
VIRUS DISEASES,Virus Diseases,D014777,0,293923,"[""|Diseases|Virus Diseases|""]"
VISION DISORDERS,Vision Disorders,D014786,0,293564,"[""|Diseases|Eye Diseases|Vision Disorders|"",""|Diseases|Nervous System Diseases|Neurologic Manifestations|Sensation Disorders|Vision Disorders|"",""|Diseases|Pathological Conditions, Signs and Symptoms|Signs and Symptoms|Neurologic Manifestations|Sensation Disorders|Vision Disorders|""]"
VOMITING,Vomiting,D014839,0,294784,"[""|Diseases|Pathological Conditions, Signs and Symptoms|Signs and Symptoms|Signs and Symptoms, Digestive|Vomiting|""]"
WARTS,Warts,D014860,0,0,null
WOUNDS AND INJURIES,Wounds and Injuries,D014947,0,293393,"[""|Diseases|Disorders of Environmental Origin|Wounds and Injuries|""]"
XEROSTOMIA,Xerostomia,D014987,0,295829,"[""|Diseases|Stomatognathic Diseases|Mouth Diseases|Salivary Gland Diseases|Xerostomia|""]"
TERMINAL CARE,Terminal Care,D013727,0,109860,"[""|Health Services And Their Management|Healthcare And Health Services|Health Care|Terminal Care|"",""|Health Services And Their Management|Healthcare And Health Services|Health Care|Palliative Care|Terminal Care|""]"
